lab_ID,lab_type,lab_capacity,user_ID,course_of_study,occupancy,time_stamp,computer_ID,CPU_usage,memory_usage,disk_usage
7,A,46,64,ME,8,2023-01-01 00:00:00,1,35.9180963653604,20.4057257582812,53.4133707097363
2,B,33,88,EE,89,2023-01-01 01:00:00,8,86.593048562308,22.324941299539,60.9452407079505
3,A,25,16,EE,34,2023-01-01 02:00:00,2,90.7486892021852,96.9110357775971,62.7130418093324
7,B,40,11,CS,20,2023-01-01 03:00:00,5,63.1971758354087,56.3947834075964,11.4302250216092
6,G,17,78,EE,54,2023-01-01 04:00:00,1,23.9602985857492,3.04669391805954,99.7306192528293
4,C,47,60,ME,89,2023-01-01 05:00:00,2,89.712689139529,68.4059542953977,25.965584416824
1,V,10,15,ME,76,2023-01-01 06:00:00,2,23.7601861997904,33.9242448180639,95.8388239813697
6,C,18,75,EE,76,2023-01-01 07:00:00,9,28.0108230735915,77.4015662660752,36.5675754155195
9,D,31,11,CS,53,2023-01-01 08:00:00,9,52.1019419049456,21.2622969034087,46.499271747756
7,C,39,77,ME,83,2023-01-01 09:00:00,9,72.3505896492519,82.7427717519946,30.2246199595467
8,C,18,50,EE,45,2023-01-01 10:00:00,4,92.3545620618449,77.4993209172309,5.60853904496828
6,B,38,22,CS,14,2023-01-01 11:00:00,9,64.5299084307728,44.4509447965383,59.0408420205802
1,A,49,32,CS,41,2023-01-01 12:00:00,8,24.3330702438345,3.53854332958851,10.4246939948469
1,C,18,47,CS,79,2023-01-01 13:00:00,9,96.5061957271188,99.400578735113,6.38438556089908
8,D,37,73,ME,60,2023-01-01 14:00:00,7,22.7620595273364,79.6830445703276,17.0781574204352
4,G,18,70,EE,54,2023-01-01 15:00:00,8,64.7988396198669,69.8251051856424,41.5459498772716
3,C,39,2,ME,19,2023-01-01 16:00:00,9,60.7380962818355,38.9221199561377,36.5696707761655
1,B,33,89,CS,96,2023-01-01 17:00:00,1,71.0933664104812,9.19772027546756,66.6049751004732
4,C,34,35,EE,21,2023-01-01 18:00:00,9,2.64204227676784,84.3719423103273,9.5549579092051
3,A,27,10,EE,16,2023-01-01 19:00:00,2,64.9688499362112,39.3008963547217,39.0598277248465
5,O,29,34,EE,34,2023-01-01 20:00:00,2,43.9845528775812,78.8390539623893,70.0863017147347
9,V,28,84,ME,70,2023-01-01 21:00:00,3,11.2802002397042,97.5008442029664,31.8017102483648
5,B,29,22,ME,5,2023-01-01 22:00:00,5,68.2271860226318,78.1193156690673,93.9468809584119
6,D,48,56,CS,68,2023-01-01 23:00:00,9,5.32128196931909,36.6331982154718,9.84337196097492
4,D,42,23,EE,56,2023-01-02 00:00:00,8,59.5751704396033,65.0301377016055,38.0280895952584
3,S,29,89,CS,6,2023-01-02 01:00:00,2,76.8236819873119,81.5463247851465,92.1949212088242
8,F,40,65,CS,30,2023-01-02 02:00:00,5,39.6741109875316,55.0403001644924,65.4707763562771
6,D,18,57,EE,47,2023-01-02 03:00:00,1,51.4949090991698,29.9425189011478,8.1230245350271
2,S,40,50,EE,67,2023-01-02 04:00:00,5,5.46430185297604,51.3174125114867,95.9763695385751
5,S,22,30,EE,3,2023-01-02 05:00:00,5,29.1646675518966,59.7685842431512,41.6154408661354
3,D,30,31,EE,62,2023-01-02 06:00:00,7,52.3642586257968,26.7371150839683,46.6268258540061
2,D,14,67,EE,1,2023-01-02 07:00:00,8,33.6906950325232,77.6374374005773,73.4750632812857
7,F,47,6,ME,63,2023-01-02 08:00:00,8,90.1077563253251,36.1123834901919,32.6133704529092
2,D,11,65,EE,91,2023-01-02 09:00:00,5,5.00430454561878,16.9015820273668,40.7923686151262
5,D,24,70,EE,18,2023-01-02 10:00:00,1,40.7938439295875,13.3609164150782,27.8244591536943
8,D,46,38,EE,69,2023-01-02 11:00:00,4,98.710808514841,42.6821820983952,42.0122866236394
6,D,14,41,CS,44,2023-01-02 12:00:00,6,43.8483557540377,57.4574726836095,97.397432658544
7,F,18,30,CS,73,2023-01-02 13:00:00,7,77.1103781850641,76.5412548181899,28.0195574649064
8,F,28,86,ME,92,2023-01-02 14:00:00,6,43.3359460803885,62.9127875716703,60.3505962973381
4,F,36,68,EE,30,2023-01-02 15:00:00,2,26.8414456759218,0.327460641127508,52.9993348076432
8,D,14,93,ME,91,2023-01-02 16:00:00,6,20.7010016829057,7.18145326401064,95.4395598346791
9,F,17,52,ME,59,2023-01-02 17:00:00,9,15.6087029809049,3.24202594555981,78.4891157375089
6,F,13,97,ME,10,2023-01-02 18:00:00,2,33.1020686390701,75.2456395847279,21.9744980633071
1,F,10,62,ME,10,2023-01-02 19:00:00,8,45.9478765867079,6.23869855414229,91.7423931743491
9,E,31,80,EE,60,2023-01-02 20:00:00,1,46.2828953893222,24.8503776155944,80.3044959586731
8,E,14,20,CS,58,2023-01-02 21:00:00,7,50.4226249259353,45.1879190807567,4.97355369153014
1,S,30,97,CS,31,2023-01-02 22:00:00,7,89.5761574146302,74.9435481093881,71.8679240840372
9,F,32,84,ME,44,2023-01-02 23:00:00,6,69.882818843229,59.158854741115,21.78071581891
8,G,44,68,EE,3,2023-01-03 00:00:00,1,81.3569940685401,40.8236946412337,28.2885898715724
6,R,12,47,EE,0,2023-01-03 01:00:00,4,65.9002201924176,80.0662654502728,33.9092716387678
2,R,25,62,ME,99,2023-01-03 02:00:00,1,96.7279192102998,85.0541177717064,14.6896873069497
9,R,35,70,CS,54,2023-01-03 03:00:00,5,14.1406077525096,89.0736890157594,95.7667895585334
9,Y,27,36,CS,2,2023-01-03 04:00:00,9,69.7974487218416,80.587225309753,43.3406953620143
7,H,31,71,EE,20,2023-01-03 05:00:00,3,28.8657072955773,68.0341918279075,99.9373793803733
9,B,23,90,EE,8,2023-01-03 06:00:00,9,5.87635493603222,51.5247771164947,42.9585010795974
5,B,12,50,ME,51,2023-01-03 07:00:00,3,5.4545381933147,13.1124961177275,45.5680133684478
2,B,49,78,ME,53,2023-01-03 08:00:00,5,63.6442565048131,55.7369623440413,88.5584050797675
5,B,19,49,CS,0,2023-01-03 09:00:00,1,16.1142150074025,65.1741663344839,97.2866182227459
3,B,14,37,CS,50,2023-01-03 10:00:00,8,59.2378289938581,67.4771973077168,2.85525152113004
9,V,29,21,CS,55,2023-01-03 11:00:00,3,72.5459342221233,74.499478399024,48.7769069324136
4,V,29,21,CS,86,2023-01-03 12:00:00,8,20.5549852243763,47.2176548352237,59.3779050050493
4,F,41,21,CS,79,2023-01-03 13:00:00,6,31.7130154052965,59.284201348619,93.8784862904387
1,F,29,9,CS,50,2023-01-03 14:00:00,6,87.4216502840987,78.8762525265176,29.8940347058803
2,F,22,50,EE,32,2023-01-03 15:00:00,7,30.6240162655073,89.6773353635071,46.211824701738
5,G,19,77,CS,26,2023-01-03 16:00:00,3,80.3920570446385,81.8503624362977,71.8576423825913
3,G,27,83,ME,79,2023-01-03 17:00:00,9,39.3133920690053,94.6004736917871,73.6625133742824
2,G,32,19,EE,64,2023-01-03 18:00:00,6,0.495911274081862,98.5425216662447,81.5009983282585
4,B,32,46,ME,52,2023-01-03 19:00:00,8,56.6325450016169,55.5772298399767,6.64467903143801
5,G,35,30,ME,98,2023-01-03 20:00:00,4,4.06265408550977,36.7427392263391,22.5909198342675
2,G,40,20,CS,77,2023-01-03 21:00:00,5,34.3598227271679,31.8616391212207,41.6955299584069
4,G,38,62,CS,9,2023-01-03 22:00:00,3,12.3854011518447,93.7792054749811,70.4234915562626
4,G,21,72,CS,30,2023-01-03 23:00:00,1,37.3381903254429,22.7253568938149,31.7216693449069
6,G,30,34,ME,43,2023-01-04 00:00:00,3,83.7724319865943,24.1339193300109,51.5621364483732
4,G,10,87,EE,97,2023-01-04 01:00:00,3,90.3800764102291,5.36272386659461,79.3282200294477
4,G,20,31,EE,75,2023-01-04 02:00:00,1,32.4059492748641,68.5823212267771,18.7480884660378
2,G,30,75,EE,64,2023-01-04 03:00:00,4,73.1311060815438,95.5536084554536,76.2235773733346
4,G,24,59,ME,62,2023-01-04 04:00:00,7,44.0531206408072,19.9354305868175,51.3958452951244
4,G,37,97,ME,20,2023-01-04 05:00:00,1,18.4550204543127,3.55412815600238,30.6799591916886
3,G,30,66,ME,98,2023-01-04 06:00:00,3,7.13607234869507,1.91508459712,83.2794178254408
1,G,17,76,EE,31,2023-01-04 07:00:00,7,66.3666112819978,94.7566681286052,55.8683369013405
9,G,44,36,ME,70,2023-01-04 08:00:00,6,42.1999535083492,71.1719258533399,87.3915233984444
3,G,42,88,CS,42,2023-01-04 09:00:00,7,4.52697510608677,75.1853040338237,12.1678026962619
9,G,49,90,EE,30,2023-01-04 10:00:00,7,77.4458598958906,54.915407110055,60.7917510415752
9,G,19,12,ME,56,2023-01-04 11:00:00,6,86.160554337306,21.9223846444548,64.836611436176
8,G,44,3,CS,84,2023-01-04 12:00:00,7,42.8058451968301,13.4391288246097,60.4583759176768
3,G,24,40,CS,54,2023-01-04 13:00:00,8,35.1912766180087,13.3688239599306,30.644858779169
5,G,48,16,EE,64,2023-01-04 14:00:00,2,44.2417716271421,26.3507824113316,45.25200134876
9,D,22,73,ME,43,2023-01-04 15:00:00,2,46.5952632093304,61.2723626719443,88.4676392172091
4,B,16,89,EE,23,2023-01-04 16:00:00,5,81.3973591330054,91.2267002248198,24.6105651364803
1,B,15,75,EE,44,2023-01-04 17:00:00,6,33.2943495925025,23.0470880204252,61.5403945304338
5,B,49,71,EE,50,2023-01-04 18:00:00,2,75.1840942597548,96.1405133901673,36.975236196296
1,G,34,93,CS,58,2023-01-04 19:00:00,4,36.351000570774,17.3796382197206,36.8010659947683
7,G,29,69,ME,34,2023-01-04 20:00:00,8,9.52577682891685,55.6532552156613,43.603741860147
7,G,11,67,EE,12,2023-01-04 21:00:00,6,53.490645418297,80.3192110561184,2.87623897325688
3,G,33,60,CS,74,2023-01-04 22:00:00,5,47.4593119788928,58.675194924606,88.2869190198259
1,G,34,71,ME,78,2023-01-04 23:00:00,6,30.8028868467617,0.548508139768078,76.1185372219525
4,V,41,77,CS,17,2023-01-05 00:00:00,5,8.35459205013052,20.6350850245972,78.0176615624786
5,R,31,97,ME,44,2023-01-05 01:00:00,9,91.4008386147724,52.3387532341934,40.602995330171
2,F,32,21,EE,3,2023-01-05 02:00:00,7,77.9639024339915,91.0103707236942,74.4425671741201
1,G,15,90,ME,52,2023-01-05 03:00:00,6,31.1754547237807,52.4133429365601,39.0401437234371
8,H,27,40,EE,51,2023-01-05 04:00:00,1,90.1033207723429,98.5560483977175,39.4013442189145
4,H,23,42,CS,73,2023-01-05 05:00:00,7,71.6026590360382,32.0623867748926,94.3580780613062
9,H,32,73,CS,2,2023-01-05 06:00:00,6,76.9942706283034,34.5250697366939,75.2921720840573
4,T,43,42,EE,64,2023-01-05 07:00:00,2,35.1617401993848,28.9784052722963,92.0200401568653
1,G,10,75,EE,70,2023-01-05 08:00:00,3,41.1616570114648,53.8404303566035,67.020815571777
1,G,26,91,CS,63,2023-01-05 09:00:00,8,16.6274920007652,25.7158250758295,90.455902237017
6,G,35,21,CS,26,2023-01-05 10:00:00,3,73.3362950211716,5.70137510352231,53.2561499044432
8,F,30,72,ME,73,2023-01-05 11:00:00,4,48.2323149156344,83.3691910437362,0.665488361125455
1,F,40,36,ME,94,2023-01-05 12:00:00,5,9.26346858527066,89.9038101975558,82.9887385798048
2,F,29,42,CS,82,2023-01-05 13:00:00,6,49.0059817994049,90.0033056303715,22.9951764288995
9,F,19,50,CS,34,2023-01-05 14:00:00,5,68.5445433470405,31.9764279818754,79.7073919049029
8,F,43,81,ME,62,2023-01-05 15:00:00,4,9.61433282737221,57.2441663390008,24.3940329243201
5,F,37,4,CS,37,2023-01-05 16:00:00,9,96.7812522903969,97.1500807890143,44.3972581301354
9,F,12,63,CS,6,2023-01-05 17:00:00,4,25.1841433103473,12.679408793086,8.20175431228838
6,F,43,37,EE,12,2023-01-05 18:00:00,8,85.224135163094,74.9026719020066,12.8202308520077
5,F,46,35,ME,22,2023-01-05 19:00:00,1,41.8953619044121,20.9351087319715,0.361169947817874
2,F,26,31,CS,22,2023-01-05 20:00:00,9,11.3860388620449,23.7412944450826,91.7234522650202
8,F,29,50,EE,84,2023-01-05 21:00:00,3,0.0865733299915239,5.76032640889369,48.0180477776602
7,R,42,87,ME,53,2023-01-05 22:00:00,1,96.5847022100811,99.8294197548632,96.8235827104307
2,F,27,33,CS,2,2023-01-05 23:00:00,1,53.8007835017202,16.4708393347676,47.9453308034555
7,F,25,31,CS,98,2023-01-06 00:00:00,5,85.1745776602231,68.8548254589591,75.310134789039
5,F,36,32,CS,76,2023-01-06 01:00:00,9,4.55425199739158,91.7564138555308,14.3209462046147
5,F,45,28,EE,33,2023-01-06 02:00:00,3,66.2132355131225,39.1148608355079,10.5415114656479
1,A,33,42,CS,16,2023-01-06 03:00:00,9,1.03243057980222,98.6601847251926,61.3497984565405
2,B,24,82,CS,23,2023-01-06 04:00:00,7,82.8827269190294,42.4371880446455,19.7221737749127
1,A,42,85,CS,63,2023-01-06 05:00:00,7,47.5164519901167,62.9130923223176,31.8599910870649
4,B,19,29,ME,13,2023-01-06 06:00:00,2,59.3104172825823,79.719692139837,14.895853455405
7,G,39,24,ME,28,2023-01-06 07:00:00,7,5.50655762817598,62.3024630415015,4.00071214297301
9,C,19,99,EE,19,2023-01-06 08:00:00,3,45.4116661009018,89.3734194524863,38.3543659404644
5,V,49,39,CS,96,2023-01-06 09:00:00,7,77.0409350128068,69.4226366404368,49.4676242701323
3,C,29,43,ME,25,2023-01-06 10:00:00,4,40.2215322454887,17.2716215345701,57.0702455226342
5,D,44,13,EE,36,2023-01-06 11:00:00,3,89.3619067123461,94.353713762728,33.0416731878421
3,C,20,93,CS,92,2023-01-06 12:00:00,5,35.6191837224422,80.2933569491521,5.25768758886487
3,C,40,12,EE,23,2023-01-06 13:00:00,5,49.0004232313206,47.2544804665287,36.45864645942
1,B,11,83,ME,32,2023-01-06 14:00:00,6,45.9782658478767,7.43190220321097,39.9251232296521
7,A,49,92,EE,48,2023-01-06 15:00:00,3,24.9036739682132,86.4489770608694,90.3071185494846
7,C,46,94,EE,80,2023-01-06 16:00:00,8,14.0731017386198,0.854075582684311,76.7027640272088
4,D,42,46,EE,30,2023-01-06 17:00:00,3,46.746511177039,93.8492253303407,38.5928482151614
4,G,14,55,CS,99,2023-01-06 18:00:00,4,23.8507404770059,37.3370776798086,57.6891531932827
8,C,24,67,ME,99,2023-01-06 19:00:00,8,79.5738670922744,11.4017437636709,91.6729966081057
9,B,30,42,ME,44,2023-01-06 20:00:00,3,77.1005354568183,65.9932727252669,4.79869663820387
9,C,20,72,ME,31,2023-01-06 21:00:00,7,12.8891840670434,15.4182951473525,56.215581914168
8,A,19,29,ME,6,2023-01-06 22:00:00,2,3.84895713520074,13.5945514352994,94.6957811237074
1,O,17,82,ME,46,2023-01-06 23:00:00,5,73.5660618105228,56.671150682834,13.2972545790068
4,V,47,32,CS,49,2023-01-07 00:00:00,8,79.5666126342385,40.3287404204512,30.6883278281935
7,B,27,71,EE,97,2023-01-07 01:00:00,6,44.4204807960051,84.0530608740107,33.1485941032004
8,D,25,7,ME,74,2023-01-07 02:00:00,2,14.6116953915027,82.4498068398596,36.5199212309401
9,D,43,97,CS,14,2023-01-07 03:00:00,1,73.8416660158162,84.6123192579089,75.4992306332094
2,S,41,94,ME,90,2023-01-07 04:00:00,1,95.5938927036375,69.2083534479587,83.3133513167849
2,F,40,62,CS,39,2023-01-07 05:00:00,8,92.981643558394,54.9526579870276,91.1787143341592
5,D,32,6,EE,59,2023-01-07 06:00:00,9,15.8136503739399,28.8178321620295,0.144743733599406
2,S,43,79,EE,89,2023-01-07 07:00:00,8,16.499704623882,59.9954588343195,5.19767749893217
2,S,42,66,EE,6,2023-01-07 08:00:00,2,60.2374419150796,19.5186952349035,96.5355231303117
9,D,37,24,ME,11,2023-01-07 09:00:00,3,66.1659836125976,53.3983613389029,38.9508519705652
1,D,45,24,ME,45,2023-01-07 10:00:00,1,24.7472617058038,11.0320525662022,74.9800654332596
1,F,10,92,CS,73,2023-01-07 11:00:00,6,85.0241858914643,10.6962308847075,12.7064792265317
7,D,38,78,CS,93,2023-01-07 12:00:00,1,95.7577526366676,19.4263250835353,82.4309014322792
1,D,27,21,ME,89,2023-01-07 13:00:00,2,2.49979381609851,13.3153346038736,40.2376219221819
2,D,38,55,ME,31,2023-01-07 14:00:00,7,85.4285175896378,97.5893697544439,0.628385284974875
8,D,38,54,CS,73,2023-01-07 15:00:00,8,24.3096125528996,69.2938775660804,76.8536152257388
3,F,24,41,ME,38,2023-01-07 16:00:00,2,58.6243593891735,7.67093410100146,26.2950496020777
8,F,49,80,CS,83,2023-01-07 17:00:00,3,54.083139848561,16.1517247588963,64.7607430815186
5,F,22,52,ME,39,2023-01-07 18:00:00,6,79.0128450930868,71.728482908288,79.4552573754083
8,D,29,21,EE,23,2023-01-07 19:00:00,6,5.89195993526392,86.3432315769318,23.3001091181163
7,F,43,48,EE,3,2023-01-07 20:00:00,6,76.2805426738155,2.11825490293001,99.4099406741196
6,F,24,40,EE,71,2023-01-07 21:00:00,2,6.92508418206859,39.8279279229163,87.5642613443375
8,F,16,41,CS,77,2023-01-07 22:00:00,2,64.269903056716,64.0192454174325,37.217799676447
1,E,46,47,ME,55,2023-01-07 23:00:00,3,11.1433595711287,13.6892517539291,31.3003902861322
6,E,42,65,ME,56,2023-01-08 00:00:00,5,42.1396129570047,82.2115440219588,6.46699347464883
4,S,16,59,CS,58,2023-01-08 01:00:00,3,90.8287522359064,98.4445692179806,6.86228664853145
3,F,11,42,EE,24,2023-01-08 02:00:00,4,10.4020025149041,26.3843428607953,92.8884807114441
7,G,37,73,EE,97,2023-01-08 03:00:00,9,2.27990954186456,63.0111426273505,62.9783563679191
5,R,48,76,CS,78,2023-01-08 04:00:00,6,96.3284671598831,86.6992955150722,60.8169996017275
7,R,20,79,ME,53,2023-01-08 05:00:00,3,96.9171124003365,69.52298061851,69.3854941142091
7,R,40,43,CS,10,2023-01-08 06:00:00,8,55.5544265089301,22.711726141668,50.625228148808
2,Y,47,36,EE,89,2023-01-08 07:00:00,2,0.937970923557474,26.0857532220728,34.0196756051051
2,H,26,27,EE,67,2023-01-08 08:00:00,6,80.9584762004564,74.6472982731213,71.4104820825421
4,B,21,79,CS,36,2023-01-08 09:00:00,7,8.93977299767523,91.3796833382996,12.0196259555842
4,B,14,9,EE,47,2023-01-08 10:00:00,9,1.71324488146353,15.024571789605,90.5755795411959
1,B,37,48,ME,43,2023-01-08 11:00:00,7,44.4305885229863,89.8621673916488,39.7344949547736
1,B,19,62,EE,41,2023-01-08 12:00:00,1,64.6361603572157,72.0381066094228,71.1222017127329
9,B,17,94,ME,24,2023-01-08 13:00:00,3,30.5743974107879,78.318102526829,44.8815151394169
7,V,34,30,EE,6,2023-01-08 14:00:00,5,40.3102001024788,50.3552173888723,21.5119724210938
1,V,39,80,CS,5,2023-01-08 15:00:00,1,13.580045365595,83.2372517383857,27.8168018088555
1,F,37,75,EE,65,2023-01-08 16:00:00,8,78.6755160908475,94.7725325121824,40.7566114720315
1,F,46,1,ME,19,2023-01-08 17:00:00,7,26.4848632882913,8.8425104132408,47.4692299911907
5,F,19,93,EE,20,2023-01-08 18:00:00,9,92.702146055363,64.3291873460079,40.0805958183202
3,G,37,73,EE,83,2023-01-08 19:00:00,7,95.6215260126935,89.6903978400005,25.7991658787795
2,G,15,38,ME,38,2023-01-08 20:00:00,7,51.2329716590484,24.4539136922123,39.4583704737634
9,G,26,47,CS,52,2023-01-08 21:00:00,7,89.8758673321607,31.1704517370383,20.1358054552961
9,B,41,93,ME,87,2023-01-08 22:00:00,7,22.4933860159865,29.9709423088773,5.58221054105813
6,G,31,12,EE,84,2023-01-08 23:00:00,4,23.2616124930408,25.4111423352216,71.9198498602228
6,G,29,94,CS,63,2023-01-09 00:00:00,3,27.0662504148213,65.504476931261,57.3594357947938
2,G,16,30,EE,61,2023-01-09 01:00:00,6,27.4330637161245,21.2798804418866,55.3364447596497
1,G,20,69,ME,67,2023-01-09 02:00:00,5,38.5630676617018,41.0599682214024,37.4150259291997
8,G,46,84,ME,69,2023-01-09 03:00:00,5,67.7621153458367,40.7855638070758,66.302791658177
5,G,21,93,ME,37,2023-01-09 04:00:00,2,38.1462839564475,11.4571327105984,47.4978321720528
2,G,29,54,ME,28,2023-01-09 05:00:00,4,35.5460826756651,95.1357296289699,67.1421127227369
3,G,22,56,ME,59,2023-01-09 06:00:00,3,72.3474622875755,70.4659164973683,11.2163095028653
5,G,27,35,EE,14,2023-01-09 07:00:00,4,46.6673364805699,27.0742493985884,42.4257149184353
3,G,11,18,CS,9,2023-01-09 08:00:00,9,36.2810112047905,33.3350774059195,3.87822011345494
2,G,35,38,EE,95,2023-01-09 09:00:00,8,48.421106430357,80.5378573933763,9.49262956075737
2,G,21,44,EE,51,2023-01-09 10:00:00,6,1.6170137277323,53.1222774627926,81.8113536479052
3,G,38,95,EE,31,2023-01-09 11:00:00,3,97.0383491173631,77.0795427884016,96.6899317090468
6,G,33,64,ME,66,2023-01-09 12:00:00,9,5.22841467869212,86.3535901258235,61.201037937302
1,G,33,28,CS,31,2023-01-09 13:00:00,1,71.6627720100533,90.7674503323202,37.3206072173898
9,G,27,7,EE,34,2023-01-09 14:00:00,3,81.6998248347688,49.3040945810173,65.9683174546712
5,G,24,55,CS,59,2023-01-09 15:00:00,4,36.1224455128667,51.1912781470596,82.6763598306469
5,G,30,6,CS,71,2023-01-09 16:00:00,6,10.0924416643528,42.3693983589089,54.8805891134706
4,G,49,4,CS,93,2023-01-09 17:00:00,7,89.5442232935164,31.7289180564614,90.0801773057254
8,D,49,47,EE,40,2023-01-09 18:00:00,9,90.4626217191245,63.0494654401061,21.9168857166105
6,B,26,51,EE,60,2023-01-09 19:00:00,2,54.4662632253001,59.3503892621916,51.0114413131562
4,B,46,45,EE,15,2023-01-09 20:00:00,9,59.076737111384,95.5845068226196,0.826450935747358
2,B,23,30,EE,2,2023-01-09 21:00:00,1,93.088691928956,85.7181630836403,0.775675699463918
6,G,48,7,EE,44,2023-01-09 22:00:00,2,56.8009509925792,99.5019801996376,43.3527006603387
3,G,30,73,EE,60,2023-01-09 23:00:00,5,27.9974478636064,93.9698190922773,42.3076402790749
8,G,15,96,CS,59,2023-01-10 00:00:00,2,75.5923967535796,2.42048271180531,98.9876462350508
8,G,39,13,ME,79,2023-01-10 01:00:00,6,74.2734136007987,76.9532091590685,21.145525400091
7,G,33,84,EE,32,2023-01-10 02:00:00,1,31.8280699049067,57.4799509104535,93.2432697411073
7,V,36,4,EE,59,2023-01-10 03:00:00,7,34.9292260486057,79.1270724414485,39.0722107682842
9,R,22,7,EE,93,2023-01-10 04:00:00,3,38.3979418679315,7.63521723489621,29.083958363989
5,F,12,87,EE,25,2023-01-10 05:00:00,6,21.969374792943,96.6825332376457,36.1432738568926
5,G,35,5,EE,61,2023-01-10 06:00:00,3,2.76178863827042,3.66890819246226,73.9008319786751
1,H,48,5,EE,89,2023-01-10 07:00:00,5,6.78166735172114,34.138135358809,46.5545203434577
1,H,44,83,EE,30,2023-01-10 08:00:00,6,40.6423573136707,63.2281732289019,16.6454074300754
2,H,33,48,ME,16,2023-01-10 09:00:00,9,72.2699932300656,25.6398331903347,26.2152495091106
2,T,10,34,CS,0,2023-01-10 10:00:00,4,5.88156130510569,63.756138114272,69.8441221813103
8,G,38,56,CS,20,2023-01-10 11:00:00,7,13.4762925770984,97.2830913523777,35.4567659966035
3,G,46,51,CS,29,2023-01-10 12:00:00,2,20.3834390517158,55.2181754879884,7.4736136053648
9,G,31,82,ME,47,2023-01-10 13:00:00,9,44.3685303496275,95.8409449019144,33.9647000196787
4,F,33,19,CS,54,2023-01-10 14:00:00,8,0.270231668667964,69.9438275306937,3.7970505792665
3,F,14,71,ME,92,2023-01-10 15:00:00,8,43.032383160146,2.64507912783077,71.5647349429836
5,F,46,90,ME,22,2023-01-10 16:00:00,6,86.6604760349817,16.6092698258504,22.3689659817752
7,F,35,26,ME,39,2023-01-10 17:00:00,9,2.77657489053489,78.9941021843044,10.1817006782079
8,F,36,93,ME,56,2023-01-10 18:00:00,9,99.1145249459935,7.58359641711893,11.2763956709325
2,F,38,28,ME,56,2023-01-10 19:00:00,5,56.2227154141972,64.1196303989681,86.681290091253
8,F,26,33,EE,5,2023-01-10 20:00:00,9,73.6901815482973,1.16357796692177,27.3688614191487
1,F,30,48,ME,2,2023-01-10 21:00:00,1,53.0721215324481,58.2008490514402,97.2754812987643
3,F,11,95,ME,31,2023-01-10 22:00:00,7,11.0808007244029,23.8508453695945,54.6898964647498
5,F,17,59,ME,71,2023-01-10 23:00:00,6,85.6632761858272,53.0759467397101,7.44113251207619
4,F,17,1,ME,28,2023-01-11 00:00:00,1,8.38259174707286,62.9491124012752,7.29522617729339
2,R,40,81,EE,76,2023-01-11 01:00:00,8,7.09679904360936,16.7252337953735,17.7273530591227
7,F,27,36,CS,55,2023-01-11 02:00:00,2,28.2351353688038,71.9196909641681,90.5994831733503
2,F,49,98,EE,25,2023-01-11 03:00:00,7,74.8540670289574,2.79899795377136,10.7225420883677
1,F,29,44,ME,48,2023-01-11 04:00:00,4,90.5291204886078,0.464083839295204,78.4682206710497
6,F,16,70,EE,39,2023-01-11 05:00:00,7,65.107548342871,2.14561169885046,64.7474193267155
1,F,29,53,EE,83,2023-01-11 06:00:00,7,38.5106250953149,97.8901665813144,78.0472121953397
8,S,14,7,ME,21,2023-01-11 07:00:00,7,18.68650709337,20.9392672547789,64.2652355996907
9,D,15,21,EE,93,2023-01-11 08:00:00,7,67.7926332109269,23.5547936654612,5.71401730696254
7,D,13,8,ME,96,2023-01-11 09:00:00,3,89.2772962754644,54.4835834287922,18.1323675158912
2,D,23,48,CS,30,2023-01-11 10:00:00,9,71.3523848752966,3.59557584994324,52.7181690467575
8,D,17,45,CS,8,2023-01-11 11:00:00,4,81.8843703817688,50.7101056518627,5.12569198591149
5,T,35,30,ME,76,2023-01-11 12:00:00,7,9.01520464515978,38.2045875060057,12.130316819056
9,T,39,42,CS,47,2023-01-11 13:00:00,8,93.6322677501882,15.9501101682494,83.0407570352872
8,G,47,6,EE,27,2023-01-11 14:00:00,8,97.7546448231824,53.5441171170058,77.4479159739533
5,D,41,54,CS,31,2023-01-11 15:00:00,9,74.9768114616054,18.3704560919315,24.2937910341427
7,F,25,6,CS,79,2023-01-11 16:00:00,4,43.2641490972995,75.0403323153032,43.1460086438056
3,G,27,79,CS,84,2023-01-11 17:00:00,1,79.0382794541845,9.38448798786034,12.0429701904028
8,R,28,74,CS,0,2023-01-11 18:00:00,4,69.4333022749842,18.5593285984597,32.0932367883112
4,R,16,33,ME,31,2023-01-11 19:00:00,4,56.1235651068019,85.3994652560624,37.935855831344
2,R,48,75,ME,55,2023-01-11 20:00:00,6,66.0545468902852,17.0363778396463,74.6766963664017
4,Y,32,79,ME,98,2023-01-11 21:00:00,4,76.7847198496104,9.60108236367305,22.0419338798104
8,H,11,83,EE,67,2023-01-11 22:00:00,2,11.5682536375293,34.8156918915778,45.0819765284091
7,B,38,71,EE,30,2023-01-11 23:00:00,3,67.372666280869,17.3659267121161,30.2873139706966
5,B,12,8,EE,21,2023-01-12 00:00:00,7,42.6274436390137,62.3618518997414,63.7164722694205
9,B,41,2,CS,76,2023-01-12 01:00:00,1,70.7672434114225,73.3628206189433,81.4594920531611
3,B,29,44,EE,59,2023-01-12 02:00:00,5,78.1330254103831,32.703790121016,85.9876856096098
4,B,35,25,CS,41,2023-01-12 03:00:00,3,3.2204296387343,76.1956674241102,67.2937078358003
4,V,44,98,CS,67,2023-01-12 04:00:00,9,77.3186636130745,69.8599653470028,6.30495746842998
5,V,29,52,CS,65,2023-01-12 05:00:00,3,83.8882380002022,32.3869852616767,83.4662527373144
1,F,21,79,CS,26,2023-01-12 06:00:00,8,14.7550293242322,23.9407759723265,48.6309469384455
4,F,16,13,EE,59,2023-01-12 07:00:00,3,35.5002466743606,58.2549320969973,95.2699144938715
9,F,25,9,ME,24,2023-01-12 08:00:00,4,19.7537888591023,62.298764343349,21.3677258737299
8,G,19,11,EE,75,2023-01-12 09:00:00,4,41.597984318638,84.2211157837263,23.0555315366669
4,G,46,80,CS,98,2023-01-12 10:00:00,8,98.9959664691833,56.9845101322994,36.4789462078876
7,G,39,96,ME,40,2023-01-12 11:00:00,2,94.60655992117,16.0634425036,12.7537342010582
2,B,13,23,ME,29,2023-01-12 12:00:00,2,78.040253377156,68.1882399301299,32.9267693301153
2,G,33,87,ME,99,2023-01-12 13:00:00,1,69.258121888025,86.3423746167294,78.3736852488659
7,G,10,69,CS,4,2023-01-12 14:00:00,8,2.6423867786982,51.5491554997925,27.2514228432394
9,G,26,63,ME,54,2023-01-12 15:00:00,8,30.4845529133193,80.4270352925248,40.9432644859397
5,G,20,63,EE,53,2023-01-12 16:00:00,9,52.234764266371,31.1635672024243,34.5550302315868
7,G,40,79,CS,69,2023-01-12 17:00:00,2,91.4032578059565,49.1796452954149,89.9871018870616
8,G,10,17,EE,7,2023-01-12 18:00:00,8,95.8985878587241,91.1170252756959,36.5856861910608
5,G,27,54,CS,30,2023-01-12 19:00:00,4,34.2240599158656,43.6486220466745,46.2387952689075
6,G,18,46,EE,50,2023-01-12 20:00:00,9,62.0421647017957,52.1420708783972,15.5692743534235
5,G,49,2,CS,35,2023-01-12 21:00:00,3,38.6144379805349,68.3170203804725,37.4055076168686
6,G,47,80,ME,73,2023-01-12 22:00:00,6,21.6089286878224,23.6262982114876,44.0122754874943
3,G,41,63,CS,94,2023-01-12 23:00:00,1,86.2157342598662,75.7868203531265,47.907624330891
1,G,44,87,EE,85,2023-01-13 00:00:00,7,96.6235050587256,50.1217319339551,13.4428116405024
3,G,19,87,CS,50,2023-01-13 01:00:00,6,30.1207967263608,88.0723080832133,24.4884289638673
1,G,36,6,CS,9,2023-01-13 02:00:00,8,33.5063483328029,36.0305347085274,60.615134297372
5,G,25,97,CS,46,2023-01-13 03:00:00,8,3.88419818064789,25.9488040322752,26.3424429710473
1,G,28,89,ME,84,2023-01-13 04:00:00,4,86.3002930753066,57.0745453084499,0.440917811123698
9,G,44,21,ME,30,2023-01-13 05:00:00,1,1.06587432317186,0.3178216957888,95.5692824215767
1,G,42,36,EE,66,2023-01-13 06:00:00,5,65.3204208567652,44.1102987547199,95.6110380786656
1,G,40,39,EE,29,2023-01-13 07:00:00,8,58.4993717040763,83.1148387579646,55.4736923455036
8,D,45,96,EE,58,2023-01-13 08:00:00,4,33.2983201047872,82.1304238237088,39.4842620503994
3,B,16,89,EE,62,2023-01-13 09:00:00,5,48.4818597194967,11.4051764723907,28.4237690349555
8,B,18,56,EE,83,2023-01-13 10:00:00,4,70.7653063149333,11.8320483174283,15.818136490529
4,B,26,68,CS,93,2023-01-13 11:00:00,5,10.5147928274312,71.5706107883467,53.8147275497201
9,G,34,70,CS,62,2023-01-13 12:00:00,9,41.0289644021467,15.7209376871748,10.6553410298028
9,G,28,76,EE,62,2023-01-13 13:00:00,6,42.8144659923911,93.4742793646063,14.8811537567598
1,G,19,78,EE,13,2023-01-13 14:00:00,6,20.0669254505969,16.5041755591347,41.1747489412988
1,G,25,69,CS,29,2023-01-13 15:00:00,4,39.0245140948654,0.369612013082643,65.3307937418888
7,G,46,49,EE,7,2023-01-13 16:00:00,5,12.7546043600783,95.1354881526747,61.748757298875
8,V,25,71,ME,5,2023-01-13 17:00:00,4,94.3610343819068,64.4776443003313,86.2754043254897
4,R,39,35,ME,30,2023-01-13 18:00:00,7,64.5375926417798,3.98462847857294,22.6171467882299
1,F,16,93,EE,35,2023-01-13 19:00:00,4,24.4862215804483,24.7783571092526,30.906203487235
4,G,42,45,EE,70,2023-01-13 20:00:00,6,7.54165512634226,38.0732985663496,52.1356504372253
6,H,15,87,EE,61,2023-01-13 21:00:00,1,25.0866117884178,16.3563084061356,52.0761942860216
4,H,28,51,ME,97,2023-01-13 22:00:00,4,33.885459609472,87.8549474751118,15.8905512763724
7,H,28,50,ME,52,2023-01-13 23:00:00,7,89.7424382378847,86.0886964090757,95.0343704626312
2,T,20,22,ME,19,2023-01-14 00:00:00,7,56.7336096455903,53.6480782977213,16.090505297189
7,G,47,25,ME,29,2023-01-14 01:00:00,7,43.9429864454378,63.5045553341681,65.6337880611156
7,G,44,3,ME,60,2023-01-14 02:00:00,6,64.2626039430873,41.2671120198159,29.0845383110005
2,G,29,30,ME,2,2023-01-14 03:00:00,3,34.9841533162603,98.5262962605917,54.0068190528858
6,F,31,26,EE,62,2023-01-14 04:00:00,4,38.5711922335529,39.8918213749897,94.837386535537
5,F,25,81,EE,99,2023-01-14 05:00:00,2,72.2499163870443,5.65715780837569,37.757027451282
8,F,42,38,ME,30,2023-01-14 06:00:00,7,88.699644562031,13.7596547107518,77.967151170458
5,F,27,68,ME,55,2023-01-14 07:00:00,3,82.417590686621,57.2321805839554,41.4130742207254
9,F,38,2,CS,3,2023-01-14 08:00:00,1,45.4429800604422,24.7229063526453,67.9346326336574
8,F,13,89,ME,18,2023-01-14 09:00:00,1,18.4199374035309,67.7070921687853,98.4233250913226
6,F,25,83,EE,70,2023-01-14 10:00:00,9,56.4236668939651,40.2902092635029,82.4493829853805
6,F,38,10,ME,4,2023-01-14 11:00:00,2,11.4542953840795,79.1539706651167,85.5909522041667
7,F,30,99,ME,56,2023-01-14 12:00:00,2,83.4100572783928,25.1064141805435,48.1805886212465
4,F,14,44,ME,39,2023-01-14 13:00:00,2,11.6635105384783,81.6113518727634,24.9162540165024
7,F,21,79,ME,58,2023-01-14 14:00:00,7,4.73607659252945,47.5066610815343,30.5677236695615
1,R,20,86,CS,45,2023-01-14 15:00:00,8,86.6671284721772,80.1141637831216,69.4010259077448
5,F,33,35,EE,4,2023-01-14 16:00:00,4,2.60070362945234,14.199830051157,21.2267005634961
9,F,15,8,EE,73,2023-01-14 17:00:00,2,78.8990263873123,89.2558226008502,79.3660599731534
5,F,24,82,CS,36,2023-01-14 18:00:00,8,49.421888648958,38.7304109921578,74.5795873461097
1,F,25,56,EE,19,2023-01-14 19:00:00,3,77.5053784492278,90.0430110782026,51.0873818059305
6,F,28,74,CS,23,2023-01-14 20:00:00,1,46.3480580039422,7.59852910424592,72.8895620338905
8,S,10,60,CS,60,2023-01-14 21:00:00,2,85.410521430192,7.41471103859075,39.7887966483687
5,D,27,86,EE,22,2023-01-14 22:00:00,1,35.3065210287814,83.4595731508833,10.1235345036117
4,D,38,39,EE,79,2023-01-14 23:00:00,9,70.3087480085181,35.115062753427,59.1382276416961
5,D,23,47,ME,29,2023-01-15 00:00:00,1,45.0059417193509,51.0594402974037,61.5801249677737
7,D,10,85,ME,27,2023-01-15 01:00:00,3,13.6860649666218,9.04621132717607,70.2851339080443
5,T,31,87,CS,79,2023-01-15 02:00:00,2,82.7406598602555,83.2592349010359,99.8016438179174
4,T,38,17,ME,22,2023-01-15 03:00:00,4,74.7916661037262,62.1425866200073,31.7581068969054
6,G,49,90,EE,21,2023-01-15 04:00:00,5,43.679998757639,30.3202736364678,58.6201794028089
6,D,21,96,CS,28,2023-01-15 05:00:00,2,83.4585508687809,29.9709288107917,32.7423721433469
5,F,40,66,ME,46,2023-01-15 06:00:00,3,53.3800032106023,85.1456221473633,53.5353022819782
9,A,19,1,CS,16,2023-01-15 07:00:00,2,51.4692385272706,57.2669101761719,75.9988734370321
5,B,23,45,EE,99,2023-01-15 08:00:00,9,25.3761680711112,43.0296877366107,29.5286984186319
9,A,11,27,ME,63,2023-01-15 09:00:00,1,51.802567135771,57.6999126715733,94.0838775220669
8,B,24,49,CS,56,2023-01-15 10:00:00,6,89.7591010447036,91.6642859933551,42.4383535806452
8,G,48,7,CS,10,2023-01-15 11:00:00,4,4.24583583240937,81.7987055206944,62.4666922813229
6,C,11,95,CS,10,2023-01-15 12:00:00,8,24.8335188712622,84.577908900247,28.085647951252
8,V,47,83,CS,53,2023-01-15 13:00:00,8,29.8312258225887,1.44664112529892,31.0915300126176
1,C,26,17,ME,65,2023-01-15 14:00:00,4,26.3467840957202,78.6308792524345,74.0296429829525
5,D,39,22,ME,19,2023-01-15 15:00:00,3,8.54540154095579,55.554912288443,63.7016529347525
5,C,24,15,EE,99,2023-01-15 16:00:00,3,36.4444461066567,1.57481904368711,88.833324916129
2,C,27,16,EE,21,2023-01-15 17:00:00,2,68.4415714684229,99.900554472941,47.6163870103607
9,B,17,55,CS,12,2023-01-15 18:00:00,2,28.4441646504726,86.6910742401772,44.0173276376809
6,A,44,69,CS,11,2023-01-15 19:00:00,3,64.4333430483718,78.343676751565,83.378305739483
6,C,13,39,EE,41,2023-01-15 20:00:00,6,27.3000888807452,18.5506103011149,87.6423752876836
8,D,43,45,EE,10,2023-01-15 21:00:00,5,5.33472374024324,5.35942772285133,49.1303453318655
8,G,44,29,EE,89,2023-01-15 22:00:00,5,3.56011597079425,65.9140081358639,20.7875016609125
7,C,44,68,ME,58,2023-01-15 23:00:00,9,83.3738054872438,50.4392661817505,25.9216239553786
4,B,10,87,CS,10,2023-01-16 00:00:00,3,98.1381730542269,77.1860034457019,57.8216499010018
2,C,14,6,ME,60,2023-01-16 01:00:00,3,67.8996737293972,98.5014168125669,1.99231795783558
3,A,11,45,EE,86,2023-01-16 02:00:00,2,10.5383275696812,34.9723569146575,4.46913381697237
5,O,26,87,EE,91,2023-01-16 03:00:00,7,1.75257419177511,65.0218694787451,43.0728769078864
7,V,24,59,ME,47,2023-01-16 04:00:00,5,90.4478909796329,30.5314145270233,34.4772871973782
8,B,37,75,ME,90,2023-01-16 05:00:00,8,40.2174854594925,64.2463095976281,65.9654787466975
8,D,43,74,EE,20,2023-01-16 06:00:00,7,19.2874875474158,98.9677341188809,38.3429180176629
8,D,12,37,EE,24,2023-01-16 07:00:00,9,56.5296494958799,54.9387643352454,2.87247057255682
3,S,23,4,EE,39,2023-01-16 08:00:00,1,53.3928236713941,85.4552404950542,46.3572944932596
5,F,37,63,EE,80,2023-01-16 09:00:00,6,55.8516349774526,83.1592437294207,59.307915517408
5,D,29,33,ME,35,2023-01-16 10:00:00,4,90.7230374540701,36.4424582004696,79.6277225561494
3,S,24,62,CS,36,2023-01-16 11:00:00,1,1.09673858402083,51.0333741183543,21.647050315673
1,S,41,54,ME,22,2023-01-16 12:00:00,8,50.6453889127893,2.20069491886117,9.96928028826596
4,D,15,51,ME,58,2023-01-16 13:00:00,6,17.419718917291,25.0404153983997,26.800057818136
9,D,33,35,CS,48,2023-01-16 14:00:00,8,7.56427793210652,98.5905852953125,16.734577860406
9,F,34,15,CS,71,2023-01-16 15:00:00,3,66.4564167180932,58.7380128453165,63.5928591332532
1,D,45,20,EE,30,2023-01-16 16:00:00,4,71.9711764099521,67.4023070190511,92.4359757407706
8,D,41,20,ME,27,2023-01-16 17:00:00,7,63.4282761939964,69.3017348459771,72.5906371805176
8,D,13,55,EE,16,2023-01-16 18:00:00,1,5.03731250040913,16.4460077283563,10.1392421157695
4,D,38,20,CS,44,2023-01-16 19:00:00,8,24.136042957047,7.20163837993945,68.5555149054033
4,F,36,82,ME,74,2023-01-16 20:00:00,8,58.7155937952806,45.9276978367846,46.4683836866228
9,F,23,22,CS,70,2023-01-16 21:00:00,7,46.4571607278339,84.348878795215,24.3332150762238
2,F,17,52,CS,39,2023-01-16 22:00:00,1,67.5471935216205,81.0876135126676,72.843931007968
2,D,18,93,EE,56,2023-01-16 23:00:00,3,21.3444565362859,15.6529424641439,69.0626582575124
5,F,16,9,CS,86,2023-01-17 00:00:00,7,86.6389932081947,43.9003868187873,7.35802956069546
5,F,40,86,EE,31,2023-01-17 01:00:00,2,88.2305943442792,42.6887405958081,14.3416194888939
4,F,48,26,CS,91,2023-01-17 02:00:00,8,6.3188343337348,42.1789382279814,44.6862016420422
9,E,39,1,ME,36,2023-01-17 03:00:00,2,66.5249189351692,52.7715805915791,19.1110971291901
7,E,42,10,EE,56,2023-01-17 04:00:00,1,49.0968044913107,74.5899835023392,93.0590754136409
3,S,32,87,EE,39,2023-01-17 05:00:00,2,95.9191593878788,88.4368638684046,1.36441326349286
4,F,47,73,EE,60,2023-01-17 06:00:00,6,30.2663387726576,73.7767933501283,49.8691276662839
1,G,19,52,EE,14,2023-01-17 07:00:00,4,31.2412025786826,61.8268861664681,8.76514228143915
8,R,32,97,ME,35,2023-01-17 08:00:00,5,3.35093492105695,81.5558981448117,82.5566192282964
7,R,37,55,ME,57,2023-01-17 09:00:00,8,31.6249460383475,60.0657869197373,65.1057796110271
3,R,36,82,CS,58,2023-01-17 10:00:00,1,27.4776018637168,4.08063036452987,38.9316846819599
7,Y,43,49,CS,32,2023-01-17 11:00:00,9,85.7306072482553,13.7343027247849,65.3023537930928
1,H,29,35,EE,26,2023-01-17 12:00:00,7,0.666104068059881,99.980937296084,92.5293080031435
2,B,27,46,EE,38,2023-01-17 13:00:00,8,77.8303510628607,84.7242945107241,68.3628080443937
8,B,16,18,EE,18,2023-01-17 14:00:00,2,61.3393267486337,95.2359615515992,49.1429501895266
7,B,34,14,ME,58,2023-01-17 15:00:00,2,53.4593788033711,27.399254374534,20.9551460699188
7,B,12,33,CS,1,2023-01-17 16:00:00,6,21.851350799645,30.9590527994954,83.0661492708066
1,B,42,72,ME,71,2023-01-17 17:00:00,8,97.7114480075324,99.6873793940566,9.24195991571887
4,V,31,27,EE,90,2023-01-17 18:00:00,4,37.9228797350655,25.5661936044465,51.7914967173296
6,V,15,49,EE,97,2023-01-17 19:00:00,9,1.17124028365547,18.2034820630767,95.93777910313
5,F,44,14,ME,43,2023-01-17 20:00:00,1,69.7737626533819,65.4204441827889,58.2318107888
1,F,29,53,EE,33,2023-01-17 21:00:00,3,60.1877593942853,50.9238846555341,79.8880254623503
6,F,48,87,CS,52,2023-01-17 22:00:00,8,22.0132142120567,39.0025227977185,2.29908951925566
1,G,15,10,ME,5,2023-01-17 23:00:00,8,99.9096378514192,37.9372627428206,0.520241346274664
8,G,10,79,CS,93,2023-01-18 00:00:00,3,83.7002309553652,41.1651802087638,18.5738624400809
8,G,13,52,CS,12,2023-01-18 01:00:00,9,36.4935110696123,78.3235397562005,73.8824574076571
7,B,47,93,CS,32,2023-01-18 02:00:00,2,69.560469069362,14.4959069019063,72.841594178656
2,G,39,98,EE,10,2023-01-18 03:00:00,1,3.01876266526709,89.0483258605429,31.5618762599893
5,G,25,97,EE,52,2023-01-18 04:00:00,9,0.599514509402588,16.4841972783079,98.58517953929
6,G,49,81,EE,33,2023-01-18 05:00:00,1,62.8587291924665,9.02783326078658,35.1741800902053
5,G,39,56,ME,67,2023-01-18 06:00:00,4,78.5338216986513,55.7624047406377,85.785313535901
7,G,20,58,CS,17,2023-01-18 07:00:00,9,17.4624661656575,50.2419603788302,38.834833433952
9,G,26,9,CS,15,2023-01-18 08:00:00,9,90.720501918857,68.4793355307187,1.45274741618214
2,G,23,97,EE,5,2023-01-18 09:00:00,3,89.7424066776685,33.0966421314167,49.2387966779928
5,G,42,29,EE,74,2023-01-18 10:00:00,1,87.1820031193817,24.9247729698783,67.7245335035954
7,G,37,3,CS,40,2023-01-18 11:00:00,8,90.0213824859109,62.9806897394306,34.9053622708887
4,G,49,40,EE,69,2023-01-18 12:00:00,9,86.1970894538573,64.3809415209093,42.2025264110018
6,G,28,36,CS,61,2023-01-18 13:00:00,3,44.6820245672794,52.9952441408037,54.614020605905
3,G,14,52,CS,85,2023-01-18 14:00:00,7,52.830969392722,44.2181363026765,8.47587258760895
1,G,42,50,CS,59,2023-01-18 15:00:00,1,36.8369456413521,35.1035770970891,35.192868353951
2,G,42,72,CS,62,2023-01-18 16:00:00,1,11.7761480444178,93.8408237732053,25.1861121854333
7,G,30,61,EE,92,2023-01-18 17:00:00,3,35.2277670965774,88.8384225869012,32.9704225000031
1,G,28,43,ME,33,2023-01-18 18:00:00,7,82.7359988325559,0.614352439401766,30.3710739885285
7,G,37,56,EE,42,2023-01-18 19:00:00,3,87.846565754983,50.4224624210773,79.0166928495026
5,G,12,61,ME,37,2023-01-18 20:00:00,7,40.3489902718815,3.11106088633081,76.4399284537172
7,G,28,9,ME,64,2023-01-18 21:00:00,5,30.4308810687499,13.5460071663686,69.1826597202478
4,D,19,15,ME,73,2023-01-18 22:00:00,8,84.7416189919777,33.5708957705294,48.4011282074723
8,B,31,55,ME,96,2023-01-18 23:00:00,5,1.87103473032348,60.2549351463257,35.2059486841941
5,B,29,72,CS,38,2023-01-19 00:00:00,4,75.6844349826042,61.6952346622805,51.6106488149065
5,B,30,8,ME,56,2023-01-19 01:00:00,8,23.8041863531091,14.4590793774102,56.899492436475
8,G,38,76,ME,98,2023-01-19 02:00:00,8,70.0137250886611,24.2630978390378,32.9066124874547
8,G,48,68,ME,77,2023-01-19 03:00:00,4,14.5717674266546,14.7565754812244,42.8019139783008
8,G,27,55,EE,36,2023-01-19 04:00:00,7,99.9419500597485,10.5944654010121,95.405608302864
3,G,14,36,ME,29,2023-01-19 05:00:00,5,23.36807430851,77.4058147617159,90.8038300574008
6,G,13,58,ME,26,2023-01-19 06:00:00,7,75.5290896501227,65.9966743324982,79.7530839491417
8,V,42,21,ME,73,2023-01-19 07:00:00,4,87.0620563970692,28.7982692472816,59.0118460979493
3,R,48,54,ME,94,2023-01-19 08:00:00,3,25.149675187952,95.1318749802984,36.8329078092495
9,F,23,98,EE,86,2023-01-19 09:00:00,5,51.8571065793182,20.1076535772406,46.6774529451305
8,G,19,11,EE,59,2023-01-19 10:00:00,7,82.6413151248885,61.112572340078,76.3412923312348
8,H,37,72,ME,53,2023-01-19 11:00:00,5,71.6856587500368,43.1927935367755,78.1384786513369
3,H,20,89,CS,78,2023-01-19 12:00:00,3,75.6481619772085,90.2666212673704,3.21028649318129
6,H,24,93,ME,39,2023-01-19 13:00:00,3,24.4715261633236,91.996213631327,46.2618559006869
8,T,13,31,CS,20,2023-01-19 14:00:00,2,3.70664623131753,39.3161772267288,51.8111445912791
5,G,15,4,CS,61,2023-01-19 15:00:00,7,97.7404017827403,70.5812328004057,16.1060669749506
5,G,29,46,CS,16,2023-01-19 16:00:00,6,96.3010603641611,4.51746164195773,25.0652338233717
6,G,17,57,CS,4,2023-01-19 17:00:00,3,55.5944524053969,67.2529881050231,26.2825654584606
1,F,47,60,CS,38,2023-01-19 18:00:00,7,12.4267969992171,88.0769898247022,54.6341075673541
7,F,42,16,ME,8,2023-01-19 19:00:00,7,96.3185035172671,52.5538934088225,31.537505116371
6,F,27,74,ME,0,2023-01-19 20:00:00,2,33.2291545014177,95.8030006210505,19.9405239005899
3,F,39,67,CS,82,2023-01-19 21:00:00,8,15.3947214242438,40.9784742435209,77.2164542274814
1,F,32,88,CS,20,2023-01-19 22:00:00,2,59.8117278905585,70.5983203572622,86.2331128290592
2,F,33,96,CS,42,2023-01-19 23:00:00,1,28.0820184297307,67.1528175546655,19.6510678865814
5,F,37,1,CS,40,2023-01-20 00:00:00,9,33.8071712541526,93.8884902659737,41.0404705700862
2,F,37,69,EE,39,2023-01-20 01:00:00,8,58.5962759528262,97.1685623684967,75.2441583677572
6,F,36,25,EE,77,2023-01-20 02:00:00,3,57.3290216271302,7.19073900907745,90.5517332821642
8,F,29,66,CS,43,2023-01-20 03:00:00,2,82.431093351435,40.4116045285855,70.8340261972567
9,F,27,31,ME,53,2023-01-20 04:00:00,7,3.24924232770097,59.0494354583392,7.56183816710958
9,R,40,97,CS,80,2023-01-20 05:00:00,9,4.24544869024338,12.91166497761,30.4532209210506
1,F,41,46,ME,13,2023-01-20 06:00:00,9,85.1264010145099,13.1374826688443,85.7020617157566
7,F,10,29,ME,53,2023-01-20 07:00:00,4,23.4706460743417,37.0356003430165,5.13290495291816
6,F,47,20,CS,27,2023-01-20 08:00:00,3,72.9754683126855,31.1213154400989,50.8623907667116
3,F,42,8,CS,18,2023-01-20 09:00:00,9,69.4959862459658,31.0707853406258,50.3196041665626
6,F,24,22,CS,60,2023-01-20 10:00:00,5,12.136559525891,75.6077733870443,11.1099501574128
6,S,25,48,CS,68,2023-01-20 11:00:00,4,89.696235134241,53.8766678913508,49.7621023209954
3,D,35,87,CS,96,2023-01-20 12:00:00,3,55.653829244116,27.3920177029069,25.2458006235499
4,D,34,50,ME,76,2023-01-20 13:00:00,5,33.2433377959348,27.6962934965694,5.74206191314222
2,D,33,52,ME,32,2023-01-20 14:00:00,1,94.3933715024565,55.3890627398899,72.2247201803462
4,D,13,15,ME,76,2023-01-20 15:00:00,7,97.0935538909999,46.3919744472907,35.6041705078666
4,T,27,15,CS,45,2023-01-20 16:00:00,8,25.7999005612263,75.9803021197978,79.3289599456426
6,T,25,26,ME,50,2023-01-20 17:00:00,3,18.5997170990331,4.4473030769846,49.6933444553749
8,G,36,59,CS,58,2023-01-20 18:00:00,4,38.664876932652,47.854601668525,17.6012088861289
5,D,37,52,ME,66,2023-01-20 19:00:00,9,54.8630367133046,47.5296076996641,62.6104159182544
4,F,31,25,ME,48,2023-01-20 20:00:00,3,96.2385200550049,9.08143647882952,35.790620372003
7,A,28,65,EE,89,2023-01-20 21:00:00,7,91.5743771611635,5.79429924501219,53.3512990678009
9,B,46,90,ME,70,2023-01-20 22:00:00,7,8.39157674413968,80.7507692911402,62.3706001584698
7,A,12,21,EE,95,2023-01-20 23:00:00,2,68.6571727991583,54.8872819942904,9.37036905998893
1,B,12,92,ME,38,2023-01-21 00:00:00,4,84.0051580829246,3.24648848791927,69.9518773476127
9,G,32,60,ME,50,2023-01-21 01:00:00,4,75.1922598975869,54.6287550306674,87.2190814926654
4,C,16,65,ME,50,2023-01-21 02:00:00,6,74.1681822157241,16.636538312801,57.8224239812166
7,V,46,50,CS,48,2023-01-21 03:00:00,6,31.529915417239,34.8418828696379,27.3286485873569
2,C,21,62,CS,49,2023-01-21 04:00:00,4,3.92117603821222,31.6446705753788,47.4832589218442
1,D,23,75,ME,30,2023-01-21 05:00:00,8,99.238333144938,62.6051341818018,40.5623213623907
1,C,12,54,CS,10,2023-01-21 06:00:00,9,69.3984968143224,70.9560949222583,22.4372186973548
1,C,44,80,CS,16,2023-01-21 07:00:00,6,64.3307058060091,90.9405029850242,47.4217153928343
3,B,36,24,CS,86,2023-01-21 08:00:00,1,68.5809025295447,85.9940754858606,96.7045417627328
3,A,36,64,CS,99,2023-01-21 09:00:00,2,46.252845021306,27.1594910157294,18.9767453287612
5,C,39,51,ME,64,2023-01-21 10:00:00,5,91.7415328979121,59.8575288617839,97.4700069076942
2,D,41,15,EE,13,2023-01-21 11:00:00,6,25.6261784195534,46.58898347255,64.7721528058647
6,G,44,19,CS,43,2023-01-21 12:00:00,8,60.3986865765689,29.8723455204746,20.93656976006
2,C,30,28,CS,40,2023-01-21 13:00:00,9,88.6686073427544,18.2422725199426,12.2727296556282
1,B,36,90,ME,67,2023-01-21 14:00:00,5,70.9000682530658,18.9504923235276,92.7767241535965
6,C,14,94,ME,23,2023-01-21 15:00:00,7,87.8291007907534,50.5725791187808,24.7120066695541
9,A,46,77,ME,99,2023-01-21 16:00:00,4,50.6687244074219,81.9880795146231,80.645870239333
1,O,45,90,ME,47,2023-01-21 17:00:00,3,64.753037970511,48.8934159598502,93.3618302594035
2,V,16,43,EE,66,2023-01-21 18:00:00,6,81.8374610454221,69.7905392465965,80.1987790372857
3,B,25,77,EE,5,2023-01-21 19:00:00,4,96.7604514641955,81.147740400678,48.4209849999207
1,D,21,32,EE,36,2023-01-21 20:00:00,3,61.9307370286851,25.1297281237499,12.0086066780094
4,D,38,19,ME,3,2023-01-21 21:00:00,5,16.973066139668,13.0512370858613,69.3751266757647
9,S,10,6,EE,77,2023-01-21 22:00:00,6,71.7952787073476,89.4975979454478,62.482759613644
5,F,39,6,EE,93,2023-01-21 23:00:00,3,78.9663062897885,8.39258147558236,67.7185173830092
6,D,36,98,EE,46,2023-01-22 00:00:00,2,52.2212338204123,25.1394093395348,82.0142922953584
9,S,24,23,ME,55,2023-01-22 01:00:00,3,39.4166409768892,57.5471470894004,12.5491849777914
3,S,19,30,ME,63,2023-01-22 02:00:00,2,1.46226939370396,42.1494625745692,0.368039432335876
9,D,20,1,CS,46,2023-01-22 03:00:00,9,61.4414896557773,91.678064525548,44.1429721941961
6,D,21,67,CS,90,2023-01-22 04:00:00,1,21.1167769883299,97.8436850847829,28.6492985102994
5,F,30,19,ME,34,2023-01-22 05:00:00,3,48.0787924893628,3.68186514748348,3.70572972614054
2,D,17,53,ME,50,2023-01-22 06:00:00,7,54.0807986893106,63.4527484399955,85.7949974144062
5,D,25,10,ME,38,2023-01-22 07:00:00,4,94.4629570923465,14.4997723593159,5.69207314345088
1,D,47,53,ME,0,2023-01-22 08:00:00,7,27.2635304347085,98.2825709495774,8.13941268848242
7,D,38,58,EE,91,2023-01-22 09:00:00,4,32.9694912870581,8.61300043113241,24.6535152358841
6,F,23,43,EE,91,2023-01-22 10:00:00,8,22.2490791464466,82.1688250234769,47.8107372322704
5,F,23,33,CS,15,2023-01-22 11:00:00,6,21.0934488457893,94.9288554207876,73.9158879017822
7,F,20,32,ME,67,2023-01-22 12:00:00,4,50.8070812380474,5.16041680515463,88.596222104021
4,D,18,55,EE,75,2023-01-22 13:00:00,6,77.9711562889293,91.0259758848308,64.4037241924256
1,F,46,80,CS,74,2023-01-22 14:00:00,1,23.0033927818058,91.0445675606372,93.7358532377889
4,F,27,63,ME,15,2023-01-22 15:00:00,9,87.8258400038297,13.3294237717449,66.6609649359247
4,F,33,67,ME,37,2023-01-22 16:00:00,9,85.0494683866359,66.0187024293466,52.8768668517532
4,E,37,87,CS,72,2023-01-22 17:00:00,3,9.01675150474822,42.9434214072822,31.7969981669473
7,E,24,27,EE,98,2023-01-22 18:00:00,4,31.4336609388076,25.6762177440895,28.6806842262247
7,S,30,79,ME,86,2023-01-22 19:00:00,1,21.4750053038338,98.1641991173338,28.1821094297259
9,F,46,89,CS,72,2023-01-22 20:00:00,9,38.6449314781803,71.2290106804183,1.08037684490515
5,G,49,98,ME,55,2023-01-22 21:00:00,3,11.6405718854511,61.2896620678349,64.2566951729411
9,R,33,90,CS,66,2023-01-22 22:00:00,7,73.7848819498985,12.2604956260142,68.83612150433
8,R,32,93,CS,7,2023-01-22 23:00:00,7,6.5225201309514,34.3299162743455,85.040318934957
6,R,14,95,EE,55,2023-01-23 00:00:00,2,44.9639698574303,12.2632337727172,3.289579871937
5,Y,18,15,EE,34,2023-01-23 01:00:00,9,56.941549633372,59.9353574203306,2.69054606938636
6,H,28,18,EE,87,2023-01-23 02:00:00,9,83.5818442143891,53.0496279559222,81.3400699912774
4,B,18,24,EE,49,2023-01-23 03:00:00,5,34.5988398535697,29.0461658520987,12.7023847778771
3,B,47,90,ME,43,2023-01-23 04:00:00,4,89.5167266945148,58.3829634376328,83.57622166069
1,B,38,78,ME,83,2023-01-23 05:00:00,1,94.4891317550966,52.015617077342,18.485619604856
5,B,25,2,EE,35,2023-01-23 06:00:00,9,75.1194912152977,18.0574547593765,36.9505851610432
8,B,37,5,EE,53,2023-01-23 07:00:00,7,17.4406030562861,75.110858970196,71.1195074810718
2,V,41,44,ME,38,2023-01-23 08:00:00,7,65.713502628431,31.7707608565997,15.8568245394745
8,V,49,16,ME,11,2023-01-23 09:00:00,4,15.4217780413811,80.9592050362003,87.2611005314501
1,F,10,70,ME,98,2023-01-23 10:00:00,2,0.66007938551208,80.4789781807313,75.6642095017016
3,F,25,2,CS,60,2023-01-23 11:00:00,3,29.4969305429142,28.9822781724848,39.4966220182925
2,F,26,69,ME,48,2023-01-23 12:00:00,9,18.263040501059,29.059554214159,74.391597426744
3,G,10,12,CS,98,2023-01-23 13:00:00,9,63.9920426263663,47.4587500513336,23.6595049478293
4,G,23,20,CS,6,2023-01-23 14:00:00,3,81.9261884470859,5.63383721706026,34.8517358936163
3,G,30,51,EE,60,2023-01-23 15:00:00,2,26.5841033263724,43.0892796862261,49.1943685383902
8,B,32,10,CS,50,2023-01-23 16:00:00,9,95.8509444845859,17.561361212166,37.5997886399701
9,G,33,94,ME,71,2023-01-23 17:00:00,8,12.1909155933667,74.7093122841697,33.8872487990255
1,G,33,83,ME,62,2023-01-23 18:00:00,5,24.621173873844,84.0314398329515,62.9719629697571
8,G,47,47,CS,17,2023-01-23 19:00:00,3,18.6322949008783,60.4331130359141,83.6511392180563
7,G,14,71,CS,3,2023-01-23 20:00:00,5,10.6190693466156,56.73754414245,88.5896897094557
9,G,19,6,EE,14,2023-01-23 21:00:00,9,22.0089438542481,47.114805274266,93.9490972912334
3,G,16,55,ME,81,2023-01-23 22:00:00,6,74.6078654109574,17.4526639627718,50.1431337718755
1,G,15,50,EE,69,2023-01-23 23:00:00,4,98.944385724854,38.1749046930352,33.183148844851
9,G,46,54,EE,12,2023-01-24 00:00:00,6,25.419914192503,8.97107221982843,40.7235537518938
9,G,29,9,ME,83,2023-01-24 01:00:00,6,91.537998655637,3.89942894817915,7.63579679376065
3,G,39,57,EE,67,2023-01-24 02:00:00,6,70.345304665676,85.4915183878018,45.9492413100988
7,G,22,77,ME,78,2023-01-24 03:00:00,9,29.7643229775878,64.4835739757725,43.6312036698795
1,G,27,26,ME,33,2023-01-24 04:00:00,5,61.2858112729684,36.1588754469154,58.5742084063649
9,G,47,85,ME,15,2023-01-24 05:00:00,8,14.5930829157583,31.4486715928445,44.4737655194839
2,G,38,39,CS,93,2023-01-24 06:00:00,1,78.650925433073,5.63070714823058,87.6056123214001
1,G,12,97,CS,53,2023-01-24 07:00:00,6,7.38267817252092,14.0651454837094,50.0894683206492
8,G,20,6,ME,47,2023-01-24 08:00:00,6,87.2808010702905,81.3602593479667,76.6390255651869
3,G,14,88,EE,53,2023-01-24 09:00:00,1,69.5913264405961,39.5907600773042,88.731316222976
7,G,17,87,ME,60,2023-01-24 10:00:00,2,73.8284543863294,13.4621584306247,22.5152049790575
3,G,14,95,CS,55,2023-01-24 11:00:00,8,59.795276325141,72.880082857285,44.0099979947518
1,D,23,79,ME,26,2023-01-24 12:00:00,5,83.2077533840239,98.6818613940622,38.0771767707469
9,B,36,24,CS,30,2023-01-24 13:00:00,4,72.105214733012,5.23370022038879,67.3186726229159
3,B,38,96,ME,88,2023-01-24 14:00:00,4,42.2709103461364,39.0272029123579,18.9524956862004
8,B,16,89,CS,41,2023-01-24 15:00:00,4,89.6720299609935,69.7367744013661,92.0842841974407
7,G,34,53,ME,17,2023-01-24 16:00:00,4,34.5987040839928,60.2791333004559,69.0474833545822
6,G,25,41,ME,45,2023-01-24 17:00:00,5,64.1056919533129,89.5308606766113,59.0367100208628
1,G,27,72,CS,89,2023-01-24 18:00:00,5,39.8041444840827,26.6446510317116,65.0594593930327
9,G,43,34,ME,7,2023-01-24 19:00:00,8,60.665664999375,31.487463020318,46.7272625497058
8,G,13,65,CS,72,2023-01-24 20:00:00,9,27.0989044465591,80.678408839412,7.94394834762765
2,V,11,93,EE,76,2023-01-24 21:00:00,9,77.5605731758977,81.2720266242461,0.665904344530965
3,R,16,5,CS,66,2023-01-24 22:00:00,1,14.833903667752,55.5972362020435,33.850753122329
4,F,14,83,CS,16,2023-01-24 23:00:00,7,87.4111217555407,59.983472845179,48.4297561808713
1,G,21,41,EE,68,2023-01-25 00:00:00,5,33.3911438736625,91.6094751278136,51.8334516222991
2,H,20,44,CS,20,2023-01-25 01:00:00,2,58.560580734882,73.8462538647748,24.4420793604462
7,H,41,55,CS,80,2023-01-25 02:00:00,9,74.7146850475297,44.3130864088873,6.48441259222641
7,H,19,61,EE,33,2023-01-25 03:00:00,9,89.8907606817513,33.0676785518265,97.9123464760747
3,T,42,39,ME,57,2023-01-25 04:00:00,7,16.0867518767234,76.1540791838664,29.3895800635359
1,G,43,94,EE,48,2023-01-25 05:00:00,2,88.8152950885375,35.1538203740379,10.8322085678696
3,G,31,95,CS,13,2023-01-25 06:00:00,2,37.2622877235853,23.7367797195486,29.2587893909778
9,G,30,14,CS,32,2023-01-25 07:00:00,4,16.9334330859549,59.2030828275095,2.79473764407169
2,F,41,40,ME,12,2023-01-25 08:00:00,2,9.54426299899391,87.0344837677701,91.1848751046089
2,F,39,51,ME,0,2023-01-25 09:00:00,2,0.927341567344186,8.14448353522467,46.5737229130046
1,F,28,88,CS,25,2023-01-25 10:00:00,2,54.9128714718768,32.9587731128637,44.6010515460949
9,F,38,19,ME,49,2023-01-25 11:00:00,6,33.1709114982263,31.7104121308787,71.3391802943725
3,F,10,65,CS,52,2023-01-25 12:00:00,5,18.2283007182793,29.8068277220955,84.1014849748173
2,F,27,40,CS,69,2023-01-25 13:00:00,1,85.6793841428757,20.1705711775361,82.0303556659791
9,F,36,61,ME,26,2023-01-25 14:00:00,8,17.4727073048551,47.3659817355698,72.8966918540476
5,F,14,3,EE,32,2023-01-25 15:00:00,1,55.5355493664923,95.7225235542875,58.6668956992411
5,F,17,77,EE,51,2023-01-25 16:00:00,9,47.4767094893619,34.6268374057428,19.8533975527847
5,F,47,79,ME,32,2023-01-25 17:00:00,9,17.1594462635377,5.06067663150912,50.3029654348868
6,F,20,43,ME,84,2023-01-25 18:00:00,4,83.6129189260082,37.2212139640324,53.5471818678496
8,R,38,7,CS,83,2023-01-25 19:00:00,2,80.9652730621347,9.81058679652808,24.324232766749
6,F,20,15,EE,83,2023-01-25 20:00:00,6,74.9173598425184,33.433790190524,87.4193922682095
6,F,27,78,CS,19,2023-01-25 21:00:00,8,40.7153786044286,76.1262133055485,63.3622482181937
3,F,21,9,ME,30,2023-01-25 22:00:00,1,62.9159714449671,16.6511271036589,67.6697692321132
9,F,27,45,CS,77,2023-01-25 23:00:00,5,23.4368854129438,42.755699441859,39.7250244276301
6,F,29,55,CS,78,2023-01-26 00:00:00,9,41.0139799695004,97.4006217713962,48.6766650831731
8,S,30,29,ME,10,2023-01-26 01:00:00,1,77.7908490981184,27.1828983684383,64.0803395678153
1,D,15,60,EE,56,2023-01-26 02:00:00,1,32.0984213778804,80.2295262461168,68.323710839803
5,D,33,5,CS,39,2023-01-26 03:00:00,4,48.9115944259861,11.7535858829052,24.5729417432576
2,D,29,45,ME,50,2023-01-26 04:00:00,2,83.3868373711995,18.3103172110777,31.200966611474
8,D,44,67,EE,89,2023-01-26 05:00:00,2,48.9129600104465,72.1671386294918,3.02115626855721
9,T,31,45,CS,64,2023-01-26 06:00:00,1,97.5726325535002,47.4543392375844,20.6444598271717
1,T,24,37,CS,31,2023-01-26 07:00:00,2,99.7898997273516,38.5850406284108,96.355943892943
5,G,11,79,CS,62,2023-01-26 08:00:00,9,82.1737105268028,50.0678225344602,41.7494371739632
2,D,24,45,EE,94,2023-01-26 09:00:00,2,48.2860407880854,34.6830151143414,39.2291776204585
7,F,30,6,ME,63,2023-01-26 10:00:00,9,74.0504041490064,71.8136503100986,54.7558599092986
8,A,49,12,ME,88,2023-01-26 11:00:00,9,29.6368730023228,76.5023885299209,35.6212872821944
8,B,28,16,EE,25,2023-01-26 12:00:00,7,57.0983246830513,42.4995288554742,34.8188679306345
9,A,40,51,EE,29,2023-01-26 13:00:00,1,81.7924725993208,59.2095930151428,58.2228007141002
2,B,42,39,EE,15,2023-01-26 14:00:00,2,69.1476174076623,44.0220353571301,42.9774877207394
5,G,23,19,CS,12,2023-01-26 15:00:00,6,64.7883193684362,91.9586447141019,33.8209684250979
6,C,14,22,ME,48,2023-01-26 16:00:00,9,76.9312404155643,40.2830621745491,24.3970697792204
1,V,26,29,CS,69,2023-01-26 17:00:00,5,75.4714366329274,92.7668847500567,53.4734128367774
4,C,35,82,CS,63,2023-01-26 18:00:00,1,26.5026848175252,99.7549730257894,30.0208785630644
3,D,43,31,EE,1,2023-01-26 19:00:00,4,52.8417604859647,32.2136588571595,58.4167749417961
2,C,26,27,ME,33,2023-01-26 20:00:00,8,33.8080973878018,81.1563994096105,40.0760091854644
3,C,11,69,EE,81,2023-01-26 21:00:00,9,45.6138771202993,76.1008759108035,34.4301632817212
9,B,48,15,CS,62,2023-01-26 22:00:00,8,76.5028850918327,78.6154973790293,8.99972129303469
7,A,43,98,EE,73,2023-01-26 23:00:00,1,21.2178966892339,71.6207041479691,89.4019394371616
9,C,32,93,CS,64,2023-01-27 00:00:00,7,40.8377085048708,35.3365294312714,57.8905446774074
8,D,44,90,CS,28,2023-01-27 01:00:00,8,41.5484532268471,39.0084877597118,6.51359494962468
5,G,23,14,CS,47,2023-01-27 02:00:00,2,62.9872894782197,93.7517521783157,34.9454758827597
6,C,47,79,ME,17,2023-01-27 03:00:00,4,14.9634889556042,49.3876245222638,70.8261846594505
2,B,12,20,EE,5,2023-01-27 04:00:00,8,77.1006015414762,19.6088677153878,31.9010290598768
4,C,41,50,CS,90,2023-01-27 05:00:00,9,28.0279171006577,25.0251424500772,24.8517078567941
3,A,27,30,CS,92,2023-01-27 06:00:00,4,88.8919346314309,6.74841060808846,37.7736305651325
5,O,45,97,CS,35,2023-01-27 07:00:00,6,45.548590769695,6.49656397512364,79.3929804128453
6,V,27,8,EE,87,2023-01-27 08:00:00,9,31.6289995447301,21.9380500648666,88.1274295097669
2,B,15,16,CS,17,2023-01-27 09:00:00,6,61.7846957165939,42.4324948711999,91.3493945458274
5,D,37,51,CS,36,2023-01-27 10:00:00,9,12.2043024128916,18.8485141260858,39.6850223961347
2,D,47,50,CS,10,2023-01-27 11:00:00,6,87.7825246783312,75.2880087637497,18.8910947101782
9,S,13,84,EE,71,2023-01-27 12:00:00,2,5.98485872371345,60.0407453070651,69.7548383980666
4,F,33,70,ME,82,2023-01-27 13:00:00,1,39.8038764926764,32.0740383161008,49.8230597367828
3,D,14,73,ME,25,2023-01-27 14:00:00,5,74.052754527303,25.93369638369,98.0036245194609
3,S,10,94,EE,43,2023-01-27 15:00:00,3,86.1260687202457,93.5157347471269,24.4708632577042
5,S,33,46,CS,68,2023-01-27 16:00:00,7,68.2136414951043,37.5780067725104,14.3125179597199
9,D,11,15,EE,89,2023-01-27 17:00:00,5,9.42630456818332,61.0390139289822,50.7452136573906
4,D,43,20,EE,74,2023-01-27 18:00:00,2,22.0311502825864,60.5240236158672,91.9478730802983
4,F,49,42,ME,33,2023-01-27 19:00:00,3,84.9615535990153,96.2348668700756,37.908016993437
5,D,40,95,EE,26,2023-01-27 20:00:00,2,61.3832592291985,83.9998196121414,83.2872834211104
2,D,40,20,CS,28,2023-01-27 21:00:00,8,10.9755782530691,41.3610480697846,4.36210879822004
2,D,36,30,EE,80,2023-01-27 22:00:00,6,6.4782461126765,22.1691801886885,30.7870994742115
6,D,41,67,CS,89,2023-01-27 23:00:00,4,74.2187752548129,8.76405782605595,17.2162938379783
7,F,11,24,EE,19,2023-01-28 00:00:00,6,32.5828622195951,50.008345230428,47.8409843633828
9,F,12,93,EE,50,2023-01-28 01:00:00,6,52.8819138222382,48.0679139649713,27.2210418066469
4,F,22,67,CS,30,2023-01-28 02:00:00,2,39.9182455075729,86.8424803963119,46.2903416198738
3,D,22,18,ME,57,2023-01-28 03:00:00,6,20.4347459091146,22.4714765785305,80.0596126370071
6,F,37,82,CS,7,2023-01-28 04:00:00,4,38.118744040658,17.0333199692418,3.28176129133331
4,F,34,82,EE,64,2023-01-28 05:00:00,6,88.7917003319526,3.44175505438143,29.9071789182481
3,F,34,56,CS,35,2023-01-28 06:00:00,8,67.4138724198911,11.1060186704568,73.8182515962
2,E,14,87,ME,28,2023-01-28 07:00:00,5,62.9798231903202,7.5637432791933,53.541912348293
4,E,40,16,ME,10,2023-01-28 08:00:00,4,51.6486585714032,54.0069603299241,41.4502496865683
8,S,34,96,CS,67,2023-01-28 09:00:00,3,8.47220401815176,81.0835681296565,67.2074920108558
7,F,45,49,ME,87,2023-01-28 10:00:00,4,74.3802735672443,62.8562116710993,2.60866280656875
6,G,21,71,ME,86,2023-01-28 11:00:00,9,60.4211327438312,16.3340722340262,59.1962077730457
1,R,17,69,EE,17,2023-01-28 12:00:00,7,47.2638313906737,35.390018693025,73.8256243225981
8,R,36,10,CS,41,2023-01-28 13:00:00,5,6.09046994402709,77.6642133845298,78.6744588791657
5,R,40,99,ME,14,2023-01-28 14:00:00,2,95.2310099677705,88.5872960770018,1.53200647906629
1,Y,48,82,EE,16,2023-01-28 15:00:00,1,8.58293768498011,84.7534903711609,24.2025619330561
9,H,47,56,EE,68,2023-01-28 16:00:00,5,91.3286316944022,10.9172442943658,32.5351402686685
2,B,22,61,ME,88,2023-01-28 17:00:00,8,60.856432734946,71.3576659496567,1.67166284016899
4,B,25,83,CS,29,2023-01-28 18:00:00,8,79.0869091563314,47.9961840729566,81.8058110286279
2,B,25,83,CS,8,2023-01-28 19:00:00,8,17.0557881285099,48.1594064963001,65.1209713058073
8,B,28,17,ME,25,2023-01-28 20:00:00,4,27.3091981833972,12.6064445907302,81.9720455731316
1,B,48,73,EE,52,2023-01-28 21:00:00,9,68.5233612179325,34.4461222577354,37.9675491086704
3,V,28,36,ME,54,2023-01-28 22:00:00,4,75.3279778956838,32.976578070724,15.0062057495946
7,V,44,81,ME,25,2023-01-28 23:00:00,7,92.0231467958189,2.98441563418509,31.1983488700459
3,F,13,98,EE,73,2023-01-29 00:00:00,3,47.396394500875,21.7126142277182,56.6470341328855
2,F,26,51,ME,99,2023-01-29 01:00:00,6,41.1240522147179,16.5419623783313,36.5368959873708
8,F,26,25,ME,80,2023-01-29 02:00:00,6,23.3090224884113,44.8396749596711,24.9251742268468
8,G,36,66,EE,93,2023-01-29 03:00:00,8,81.4698205324401,43.8983115587006,16.1166039278802
4,G,30,16,ME,86,2023-01-29 04:00:00,2,77.2056006997756,36.850353731846,83.0383850920173
9,G,17,9,CS,27,2023-01-29 05:00:00,5,82.3446770857958,49.8192358700843,78.4806390178606
8,B,48,77,ME,40,2023-01-29 06:00:00,7,65.8256081953384,24.4335193427186,46.6388008979964
1,G,31,51,EE,74,2023-01-29 07:00:00,7,52.4507465147188,48.8664720884713,71.6143262478111
4,G,13,82,CS,50,2023-01-29 08:00:00,2,90.1612216413947,75.5961005316767,20.9817766029423
7,G,41,96,ME,22,2023-01-29 09:00:00,8,34.4051860434769,63.935835350731,83.5864391903331
5,G,32,74,CS,37,2023-01-29 10:00:00,2,41.4198158664235,24.350484530785,84.1090836170763
4,G,12,21,EE,29,2023-01-29 11:00:00,6,40.9243253598145,60.9369672601728,31.1392383357587
9,G,19,81,EE,26,2023-01-29 12:00:00,5,8.91055904483237,8.52326753009063,91.3606464470267
2,G,26,41,ME,5,2023-01-29 13:00:00,3,27.057920984527,28.8002569612067,40.5839909086997
9,G,17,10,CS,83,2023-01-29 14:00:00,5,7.00652935699172,32.5795116795127,12.0501635413925
5,G,11,99,CS,97,2023-01-29 15:00:00,5,79.9143409358781,57.5419161013553,66.6964495804429
3,G,19,73,ME,30,2023-01-29 16:00:00,1,12.5794738129824,94.7264430329632,59.1112447279459
4,G,26,7,EE,1,2023-01-29 17:00:00,7,93.7961184810092,8.37845033785479,15.9825615114419
4,G,36,66,ME,26,2023-01-29 18:00:00,5,32.5912774573675,7.99061783976822,52.8719108398223
9,G,24,19,ME,90,2023-01-29 19:00:00,9,92.56190101827,63.5138897587772,60.1469825454873
2,G,34,61,CS,12,2023-01-29 20:00:00,5,47.7029281059847,59.5933075607422,27.055727880875
8,G,18,49,ME,85,2023-01-29 21:00:00,9,0.457337762942878,64.9884366124289,42.4963385192217
9,G,46,27,ME,55,2023-01-29 22:00:00,2,23.1641053486194,19.1527814699731,39.5791284177446
6,G,20,79,ME,23,2023-01-29 23:00:00,4,18.7666696261225,47.1518954164773,34.2947521466383
4,G,40,10,EE,72,2023-01-30 00:00:00,3,34.3461073675749,54.1341539621738,16.9788091422951
7,G,10,56,ME,2,2023-01-30 01:00:00,3,63.6818860829125,3.75810522857966,16.9802969312503
9,D,20,68,CS,80,2023-01-30 02:00:00,7,14.504340960845,76.0026752930784,55.1915697328237
9,B,37,84,EE,86,2023-01-30 03:00:00,9,61.1541105397369,29.7415192410316,9.94922763785144
6,B,15,74,ME,65,2023-01-30 04:00:00,4,86.6775526715354,17.5924287904406,8.46877685067732
6,B,17,45,EE,6,2023-01-30 05:00:00,6,46.5188676382509,96.0400478959542,48.7820819449485
2,G,28,50,ME,48,2023-01-30 06:00:00,2,77.9545416176287,13.2860915912695,46.7995622829908
1,G,18,58,CS,67,2023-01-30 07:00:00,5,59.3463423561924,1.24255496407734,85.1961742789787
9,G,30,76,EE,61,2023-01-30 08:00:00,1,90.0200331993736,73.7724274389031,99.2593508941152
9,G,14,93,ME,84,2023-01-30 09:00:00,2,31.7718368802167,94.1914468622371,45.5049382036568
5,G,45,46,CS,12,2023-01-30 10:00:00,7,10.4587619895348,36.3687186177514,19.0002070549524
3,V,20,87,ME,52,2023-01-30 11:00:00,3,64.8361530657241,13.682342887072,88.2575310679692
9,R,21,81,EE,80,2023-01-30 12:00:00,7,9.17838682956353,28.4910726847858,98.1597063402208
1,F,43,99,CS,84,2023-01-30 13:00:00,5,81.7764916853583,63.1459721401231,24.6783766294082
2,A,18,24,CS,95,2023-01-30 14:00:00,2,69.3431804445453,22.1080087496871,96.2573236688828
3,B,42,76,ME,29,2023-01-30 15:00:00,9,33.2782375841513,84.3120842666637,39.9621320523211
7,A,41,12,CS,91,2023-01-30 16:00:00,3,99.618476073107,64.5792135950803,33.6799356738246
5,B,18,40,CS,82,2023-01-30 17:00:00,5,15.2044580874877,74.7733106429645,54.8180380998961
5,G,11,16,EE,43,2023-01-30 18:00:00,9,93.6026859763676,46.9609949852997,37.8894130748818
1,C,12,53,CS,71,2023-01-30 19:00:00,2,6.00303983479436,8.00405348725383,59.4724507831583
3,V,33,45,CS,36,2023-01-30 20:00:00,5,82.036007076274,59.5674691329877,87.3616995393171
3,C,22,89,CS,13,2023-01-30 21:00:00,1,39.3808919279982,61.0240917200015,53.6866639828799
4,D,22,65,ME,42,2023-01-30 22:00:00,3,19.8191959239921,10.4905239746801,8.68522989257217
1,C,47,51,ME,13,2023-01-30 23:00:00,7,89.7197257569662,38.3147420675301,27.3773489680844
5,C,30,96,CS,42,2023-01-31 00:00:00,7,34.6605973835311,71.589018479001,96.0522440424264
1,B,26,95,ME,73,2023-01-31 01:00:00,7,94.2960281845774,89.790193400522,2.60001061912928
5,A,37,8,EE,6,2023-01-31 02:00:00,1,22.511831365375,58.5896403590504,1.77807807573276
4,C,23,50,CS,78,2023-01-31 03:00:00,3,75.8465570763108,42.5463939855493,80.8342391350613
2,D,24,24,CS,53,2023-01-31 04:00:00,3,25.482974296217,12.5946944848305,50.4900118776727
1,G,40,2,ME,8,2023-01-31 05:00:00,1,7.47282770074382,55.7039564687176,83.2012667229003
2,C,33,8,EE,44,2023-01-31 06:00:00,6,94.6187569651071,78.7085349728163,92.5914906055454
7,B,43,80,EE,48,2023-01-31 07:00:00,6,14.5229323586817,1.44179707508987,95.2135942057516
6,C,11,28,ME,70,2023-01-31 08:00:00,3,93.6063890511453,32.1435882235859,72.5832436413785
4,A,37,42,EE,3,2023-01-31 09:00:00,1,35.3092243947808,53.8293940730931,19.5925684039616
3,O,16,76,EE,72,2023-01-31 10:00:00,5,25.2110643290958,73.4487662497926,64.3555021043342
8,V,22,46,CS,72,2023-01-31 11:00:00,3,23.3278438563961,35.1827001780727,98.7811490308981
4,B,44,98,EE,84,2023-01-31 12:00:00,2,38.1671163517774,15.2025110505132,39.9818133547131
6,D,14,11,ME,27,2023-01-31 13:00:00,1,99.68405547586,37.3700339970609,4.99559128494005
2,D,37,98,CS,60,2023-01-31 14:00:00,4,7.59975044758218,7.57396328351528,87.6252694419757
9,S,32,41,ME,70,2023-01-31 15:00:00,9,52.4815393814728,35.8943639600939,14.9341716905141
8,F,33,95,CS,31,2023-01-31 16:00:00,7,56.8370752412658,22.4065138421095,48.6783603339661
8,D,47,65,CS,64,2023-01-31 17:00:00,3,23.2880398200436,61.4016875196761,62.3786325251737
5,S,32,69,ME,70,2023-01-31 18:00:00,7,68.5979215891917,31.3030463816436,64.9976545716414
8,S,13,22,ME,88,2023-01-31 19:00:00,4,36.4163936520544,11.0574006230458,82.1504621879247
4,D,18,42,CS,27,2023-01-31 20:00:00,4,45.7700013280206,76.6798197379839,40.7752643497733
9,D,28,70,ME,84,2023-01-31 21:00:00,5,99.8561132127805,95.0723811378524,47.3013120296725
3,F,33,5,ME,50,2023-01-31 22:00:00,2,17.5852019778789,56.9783928996658,39.6277517132444
8,D,42,45,ME,10,2023-01-31 23:00:00,5,29.2171875476572,43.0286843596292,54.8259698153172
8,D,26,30,CS,15,2023-02-01 00:00:00,3,89.7423708390612,75.396909889765,30.018068942162
6,D,24,64,CS,13,2023-02-01 01:00:00,1,8.61733225378613,96.621594849622,14.4603906577671
5,D,14,99,ME,59,2023-02-01 02:00:00,5,52.6830751356855,93.7398173024522,84.5377725070977
4,F,29,14,ME,15,2023-02-01 03:00:00,8,77.6935787649948,78.9389324437617,69.0435954062416
1,F,38,99,EE,21,2023-02-01 04:00:00,1,64.6196203309581,49.8879182853815,97.6026886886081
8,F,45,87,CS,59,2023-02-01 05:00:00,9,80.6764296473413,54.9950299821779,88.1524043096658
6,D,48,65,ME,88,2023-02-01 06:00:00,3,31.4378912140306,67.1891314536111,79.0714024625178
8,F,22,95,CS,39,2023-02-01 07:00:00,9,65.5548519549295,58.4634662743275,80.8835807930169
9,F,22,92,ME,29,2023-02-01 08:00:00,3,70.684500770261,81.907942970467,94.5812857113933
7,F,48,61,ME,12,2023-02-01 09:00:00,8,11.0613686921839,9.04213567447555,6.52160530309089
8,E,45,22,ME,73,2023-02-01 10:00:00,4,63.1434764155938,69.5301014981012,26.2243809697843
3,E,49,64,CS,48,2023-02-01 11:00:00,1,61.4466760457239,70.6503432718476,86.6302733147665
9,S,11,37,ME,95,2023-02-01 12:00:00,9,96.3833223206141,42.5742203792714,53.0911962292212
7,F,31,35,EE,85,2023-02-01 13:00:00,8,90.2052713989019,35.8830046264754,45.1743882694626
1,G,19,62,EE,72,2023-02-01 14:00:00,2,34.162174736304,90.2375585380206,69.5205408652444
8,R,23,18,CS,36,2023-02-01 15:00:00,5,12.8848659722522,7.35666105914987,79.1247035848398
8,R,14,85,ME,14,2023-02-01 16:00:00,5,38.0721456322132,12.3143232747702,52.1797773386508
9,R,25,78,ME,34,2023-02-01 17:00:00,5,66.6129606756163,95.0790812940737,62.945209439699
5,Y,13,72,ME,69,2023-02-01 18:00:00,1,45.1933601967977,36.8923260338226,32.5251343848341
3,H,27,48,CS,82,2023-02-01 19:00:00,5,50.6026771142767,13.6453533411014,64.2116016527447
3,B,31,72,EE,22,2023-02-01 20:00:00,7,93.9173184427141,45.2288411989405,35.2754008862963
5,B,38,72,CS,75,2023-02-01 21:00:00,5,11.8882782945251,34.8904226830658,31.5080125599553
8,B,13,44,EE,84,2023-02-01 22:00:00,5,68.3967257853413,26.5279225227497,69.2587917056864
5,B,38,90,ME,91,2023-02-01 23:00:00,1,17.8889189659587,37.4908653723674,13.1927837592874
8,B,49,30,CS,28,2023-02-02 00:00:00,8,96.1136584048444,19.8388704296734,69.9783886081939
3,V,22,14,ME,25,2023-02-02 01:00:00,2,20.2220195577485,44.365570115839,52.1197522855243
6,V,37,38,CS,91,2023-02-02 02:00:00,8,17.3936428507499,72.424615996074,80.8984878426267
9,F,30,21,EE,88,2023-02-02 03:00:00,1,53.1747354386041,79.9398912240559,87.6203320677427
4,F,10,77,CS,96,2023-02-02 04:00:00,8,92.9239072173527,32.5045271966912,54.8046131079022
2,F,34,78,ME,87,2023-02-02 05:00:00,9,93.8490738213433,50.1809236259021,77.7822577367318
5,G,37,43,EE,69,2023-02-02 06:00:00,8,49.4153949544049,61.1592507630318,31.2476751726726
6,G,41,71,CS,50,2023-02-02 07:00:00,9,81.5226576681504,4.38695735585972,73.6371316395673
8,G,41,83,EE,80,2023-02-02 08:00:00,6,7.74908546108888,34.285284302368,95.7887585622868
1,B,27,32,CS,75,2023-02-02 09:00:00,4,77.2413105993825,26.443752441085,85.8177145045825
2,G,36,90,CS,12,2023-02-02 10:00:00,9,44.4268608669696,41.5041860363013,75.841663957073
1,G,21,10,EE,26,2023-02-02 11:00:00,6,93.0563682216198,2.01761617923045,39.4897026070548
6,G,23,46,EE,4,2023-02-02 12:00:00,8,11.0819675524,69.3136830872085,85.3108290084096
4,G,36,96,EE,21,2023-02-02 13:00:00,3,53.9641580024846,82.8875718054359,44.1412646743405
9,G,24,51,CS,47,2023-02-02 14:00:00,5,4.6958139164036,52.9508628957974,15.304230173428
9,G,35,20,CS,43,2023-02-02 15:00:00,4,16.0647836308225,68.0422973996116,71.8914389979195
5,G,25,94,CS,37,2023-02-02 16:00:00,1,76.8408386681806,55.0854274934852,97.6387398327163
1,G,27,80,EE,54,2023-02-02 17:00:00,3,41.0551824290742,41.9225344497005,1.03369893388303
6,G,27,31,EE,18,2023-02-02 18:00:00,5,89.9080664492633,28.2159511137301,26.6654544802712
7,G,10,32,EE,31,2023-02-02 19:00:00,6,0.00400634048666193,71.791227698126,83.5948002007688
5,G,46,21,ME,80,2023-02-02 20:00:00,5,0.316099431321926,78.2150002376608,33.2857002516232
3,G,20,93,ME,73,2023-02-02 21:00:00,5,25.2142053563857,11.8903845198561,3.12780817079146
9,G,17,8,CS,21,2023-02-02 22:00:00,4,46.1569715760387,6.32866140664554,24.7943729637813
2,G,30,81,EE,42,2023-02-02 23:00:00,1,84.3252763645645,78.9710023404941,97.7594803889511
2,G,41,36,ME,60,2023-02-03 00:00:00,9,39.644722741428,84.0971400965271,57.476729293116
1,G,35,84,EE,2,2023-02-03 01:00:00,6,3.49411154199715,16.6333976331388,66.131696622941
7,G,26,53,CS,64,2023-02-03 02:00:00,6,73.1367618525219,37.0845713615463,7.70300234741653
3,G,42,63,EE,9,2023-02-03 03:00:00,4,43.2806874350469,9.44845283467835,59.4706956728048
6,G,39,81,EE,21,2023-02-03 04:00:00,3,51.5310333668778,43.3546534864055,81.5205019159328
8,D,35,96,ME,95,2023-02-03 05:00:00,2,84.8461090514818,53.6497588727442,98.7193073267134
4,B,32,77,EE,78,2023-02-03 06:00:00,2,60.5608703494399,58.0391987125061,90.606371029407
3,B,37,40,EE,44,2023-02-03 07:00:00,7,34.2222612519527,45.9975836227153,49.6507452874525
7,B,28,1,CS,14,2023-02-03 08:00:00,3,11.6081914201516,81.1544020735896,44.0813748368466
4,G,21,92,ME,67,2023-02-03 09:00:00,1,14.6360643449872,7.51860229606766,56.4860705419363
1,G,25,29,EE,87,2023-02-03 10:00:00,3,57.3846491805248,11.9403509110965,75.1404108848206
4,G,18,62,ME,9,2023-02-03 11:00:00,2,44.6957037906888,54.5845674750466,15.916516353181
6,G,42,12,CS,13,2023-02-03 12:00:00,5,75.1999914709483,35.8562199563612,54.1199940952889
8,G,36,41,ME,14,2023-02-03 13:00:00,7,27.6100401218967,24.2250483534376,47.0124045018115
1,V,24,7,ME,41,2023-02-03 14:00:00,6,42.266932803111,18.6397503276387,3.11452959933497
1,R,46,69,EE,7,2023-02-03 15:00:00,8,32.2229793288158,22.7889721428981,71.1283883733884
2,F,48,79,EE,29,2023-02-03 16:00:00,3,67.1561571073131,0.510245929948472,87.2713024485194
2,G,32,4,ME,38,2023-02-03 17:00:00,8,5.95268427316817,32.0420612747169,52.6008576614828
3,H,12,3,ME,47,2023-02-03 18:00:00,3,83.7649341269541,93.0241965184596,70.1184313983505
5,H,28,23,ME,95,2023-02-03 19:00:00,3,5.53355179298245,90.4832875880441,37.651176815832
7,H,36,68,EE,69,2023-02-03 20:00:00,1,87.1426661473602,33.9342627100352,86.9078202667613
6,T,27,68,CS,20,2023-02-03 21:00:00,5,16.3170988393674,3.87367986728564,51.081248541261
5,G,10,26,EE,36,2023-02-03 22:00:00,8,10.3559308452724,50.4891445934753,19.5616413771178
2,G,32,79,ME,14,2023-02-03 23:00:00,4,7.21603559994299,28.753544460667,75.2036333381724
3,G,22,5,ME,48,2023-02-04 00:00:00,3,97.8277935005109,61.8362353624902,85.3266341448773
9,F,46,52,CS,26,2023-02-04 01:00:00,6,80.8832201563471,52.350483877033,6.696221774043
9,F,19,59,EE,26,2023-02-04 02:00:00,9,43.7405133064676,49.1326332497838,63.713304330217
5,F,19,18,ME,80,2023-02-04 03:00:00,3,39.2756840918401,95.1981950827553,51.2209237517162
9,F,10,36,CS,40,2023-02-04 04:00:00,1,97.6676013197303,25.1251528683314,6.38985387403231
1,F,20,76,EE,76,2023-02-04 05:00:00,7,68.2826390952192,31.6409530868643,99.1054911313144
2,F,24,9,EE,86,2023-02-04 06:00:00,2,46.6853715345867,50.1981125360628,24.7869540355395
5,F,16,68,EE,9,2023-02-04 07:00:00,3,86.6834048996116,27.4665225768359,74.2241997997033
7,F,33,49,ME,79,2023-02-04 08:00:00,6,74.0323761194858,57.1454458809807,13.2719708052691
9,F,35,19,CS,39,2023-02-04 09:00:00,4,85.0138634418077,99.1700359761792,36.5192813423959
9,F,37,87,ME,54,2023-02-04 10:00:00,4,9.86407064326017,98.8100720902554,42.2833541851205
8,F,20,98,CS,65,2023-02-04 11:00:00,6,15.6592621860407,29.7247765441404,56.6099998005453
4,R,17,64,EE,13,2023-02-04 12:00:00,7,67.5356866811671,97.8930736925119,17.9017588206405
3,F,38,74,ME,44,2023-02-04 13:00:00,4,80.3086414391055,88.5438627052418,88.9648984482588
1,F,36,28,CS,60,2023-02-04 14:00:00,5,26.4892221840527,7.44042516422903,96.8518377411514
2,F,40,14,CS,68,2023-02-04 15:00:00,5,37.162022851808,10.2581323917874,80.8960748283086
1,F,25,92,CS,14,2023-02-04 16:00:00,8,24.6802394247399,58.3646473535866,27.8882766388437
4,F,21,48,ME,44,2023-02-04 17:00:00,7,32.0010953942945,41.1367686505747,78.2496265705862
5,S,42,94,CS,63,2023-02-04 18:00:00,1,70.3130184441798,75.8045386923896,0.311752848064284
5,D,40,28,EE,23,2023-02-04 19:00:00,4,61.7308625465424,43.1767803048004,85.8633782002484
5,D,17,31,ME,18,2023-02-04 20:00:00,4,32.2201433737328,26.4069193320775,96.6797481251166
8,D,46,81,CS,94,2023-02-04 21:00:00,4,30.7488167403282,17.9448285955975,99.2983832284704
4,D,48,45,EE,62,2023-02-04 22:00:00,2,83.595152160017,33.2541187585502,41.1302754722523
2,T,15,49,ME,96,2023-02-04 23:00:00,1,29.3842551164134,31.912876006391,77.212488525157
7,T,18,94,ME,98,2023-02-05 00:00:00,5,86.5920086703479,32.4577168431965,6.78291240402722
2,G,47,78,EE,73,2023-02-05 01:00:00,8,75.3638556894019,36.9827872856974,48.5170297493275
5,D,28,61,EE,5,2023-02-05 02:00:00,8,86.3036509612228,8.58582750402129,56.5048692892972
3,F,33,75,CS,59,2023-02-05 03:00:00,2,63.0972522969069,27.5651405285927,61.2243224969189
4,B,39,77,CS,53,2023-02-05 04:00:00,5,40.9430537327841,22.5188942130037,24.9547175948918
6,B,19,57,ME,45,2023-02-05 05:00:00,6,98.8996300031472,97.0965624183058,14.0485517399655
1,G,19,65,ME,74,2023-02-05 06:00:00,7,61.9627709179073,57.9461666077347,12.4646294113217
1,G,20,60,CS,35,2023-02-05 07:00:00,8,65.7849885332495,71.5972725849892,89.6140429396666
6,G,22,74,CS,79,2023-02-05 08:00:00,6,22.3238216479661,52.9590342873744,91.2664073300784
5,G,49,31,CS,9,2023-02-05 09:00:00,3,20.2423017321308,77.2588786918671,50.5286116484146
6,G,29,6,ME,65,2023-02-05 10:00:00,1,74.397072748306,57.6684440091497,41.0819558773586
2,V,33,71,CS,18,2023-02-05 11:00:00,9,80.2243408174831,23.0913078933118,69.8182742002478
5,R,38,72,CS,72,2023-02-05 12:00:00,8,62.207476062083,24.8460375591037,82.6825005536051
6,F,40,80,ME,7,2023-02-05 13:00:00,3,39.0498611175987,13.0315338772243,52.4946632285127
1,G,19,34,ME,15,2023-02-05 14:00:00,4,7.76301678040197,42.5958821984508,54.8780391681405
9,H,10,16,CS,0,2023-02-05 15:00:00,7,24.1945584922993,95.7259004820022,35.511432314896
8,H,48,52,EE,72,2023-02-05 16:00:00,1,43.6787436720941,59.3767489511308,39.3568163974676
7,H,22,54,ME,52,2023-02-05 17:00:00,3,41.0558800935904,62.2999890162201,86.1864139962196
7,T,17,26,EE,50,2023-02-05 18:00:00,7,32.6029188124087,12.7926766831237,11.8160957450229
8,G,46,98,EE,98,2023-02-05 19:00:00,2,90.5028838445459,51.447088403969,65.035972665681
3,G,40,37,ME,94,2023-02-05 20:00:00,8,13.4133446012999,69.7537119259454,79.3994883008342
7,G,48,25,CS,1,2023-02-05 21:00:00,3,68.3992607536519,88.4587973480581,60.9413063442536
2,F,44,87,CS,99,2023-02-05 22:00:00,8,62.5755082033743,46.4839356836757,62.8188447626775
6,F,15,8,EE,14,2023-02-05 23:00:00,7,77.4089613510693,40.3094784771628,77.7693180259507
6,F,41,51,EE,77,2023-02-06 00:00:00,5,46.248110985113,61.1769493633131,76.4226627264839
1,F,16,19,EE,73,2023-02-06 01:00:00,9,87.6609414256276,7.6438854119048,56.0539047113741
6,F,32,26,CS,37,2023-02-06 02:00:00,8,90.7818919713724,19.1781515685846,50.6229916371896
8,F,24,20,CS,96,2023-02-06 03:00:00,4,55.0196099036249,34.3892441592157,78.2186194156894
6,F,12,28,ME,31,2023-02-06 04:00:00,2,46.3096241636615,25.7640241433689,45.889102194955
5,F,48,76,EE,0,2023-02-06 05:00:00,1,46.8415210223161,69.6552831908272,70.887331304115
9,F,39,41,CS,78,2023-02-06 06:00:00,3,71.551804234507,78.7965756771166,21.8526484637532
6,F,13,81,CS,85,2023-02-06 07:00:00,1,80.8583974119896,36.6219708991847,77.0986289950148
1,F,36,9,CS,23,2023-02-06 08:00:00,2,77.3897875685054,66.0172829476517,58.264020742302
2,R,44,61,ME,7,2023-02-06 09:00:00,1,78.155075932327,75.6647984494811,49.2105848864136
5,F,41,5,ME,79,2023-02-06 10:00:00,6,5.72070623350029,19.0091273888981,13.4492465853566
9,F,20,34,EE,72,2023-02-06 11:00:00,5,3.70636708034001,68.222103569041,73.4211150009013
1,F,23,58,CS,31,2023-02-06 12:00:00,9,2.09195647932981,18.8534484098869,45.2211987692709
3,F,30,60,CS,1,2023-02-06 13:00:00,5,50.3515444098078,43.8969800961497,3.31078829469775
9,F,25,31,EE,58,2023-02-06 14:00:00,2,33.1676478872867,85.7686538119873,23.1647436987902
1,S,12,89,CS,28,2023-02-06 15:00:00,6,19.8813383814838,30.9546884456515,44.2397508910661
6,D,36,68,CS,61,2023-02-06 16:00:00,6,5.94526376324905,58.6263984912723,72.1265382844941
5,D,23,38,EE,27,2023-02-06 17:00:00,5,54.7892008657435,82.6267428362259,30.0199056396963
3,D,32,29,ME,46,2023-02-06 18:00:00,6,57.5536885351866,4.83420056495845,15.6105029962374
5,D,37,56,ME,2,2023-02-06 19:00:00,7,52.6005811760118,41.2392684083339,41.9133512912085
2,T,15,40,EE,94,2023-02-06 20:00:00,5,21.1204219928956,2.0745771912527,26.4350469715281
9,T,42,67,EE,86,2023-02-06 21:00:00,2,46.7052348057918,98.1400022448574,2.52323714040857
8,G,38,16,ME,54,2023-02-06 22:00:00,8,9.04379413697898,98.4987621912534,0.636618186571214
8,D,48,6,ME,99,2023-02-06 23:00:00,7,17.6274806878826,84.6189376312346,85.2067501233707
7,F,29,28,CS,78,2023-02-07 00:00:00,2,27.5831892243932,44.5049044536743,0.623528253986838
2,G,42,40,CS,43,2023-02-07 01:00:00,1,49.9350227985957,50.6498653048727,92.8017698189289
3,G,20,24,ME,31,2023-02-07 02:00:00,7,75.727695793925,9.13887209353033,71.5266228363108
1,G,30,67,ME,98,2023-02-07 03:00:00,3,95.9339816407657,33.2781054846946,17.4288895124467
2,G,14,88,ME,98,2023-02-07 04:00:00,9,57.6483545729837,54.7340103636479,42.6129877263427
5,D,25,55,ME,20,2023-02-07 05:00:00,4,45.8361827763135,12.4568785052034,33.186483351083
6,B,29,56,ME,86,2023-02-07 06:00:00,2,73.9914654965971,34.8751856916645,89.1202937295542
4,B,22,32,ME,89,2023-02-07 07:00:00,7,85.9025154143791,81.4120481160707,13.2364375144664
8,B,46,70,ME,82,2023-02-07 08:00:00,4,27.1041439105026,66.5159645330972,78.5154633088474
9,G,40,9,CS,50,2023-02-07 09:00:00,3,11.4516872792304,92.4678209513745,62.94273379404
4,G,31,61,CS,25,2023-02-07 10:00:00,1,70.9337042449338,82.8990018286223,4.61029504199036
5,G,43,94,EE,82,2023-02-07 11:00:00,9,93.5402901227694,50.0039866839235,51.2367604286172
9,G,33,66,CS,36,2023-02-07 12:00:00,2,14.3254541331056,51.6696992352689,91.9621435511965
6,G,21,62,EE,44,2023-02-07 13:00:00,7,88.5018808208385,91.5364432276828,72.2717445458039
9,V,46,45,EE,38,2023-02-07 14:00:00,8,4.60001357582053,66.9860548162601,12.6053775783352
6,R,35,84,CS,96,2023-02-07 15:00:00,6,27.5481829889429,37.3977245151366,26.1688374357707
6,F,41,37,EE,83,2023-02-07 16:00:00,1,6.52290406053273,13.3512189066591,92.6199227521494
2,G,35,20,EE,73,2023-02-07 17:00:00,3,2.21496910148276,3.15265314668998,94.7356656830344
5,H,12,93,CS,8,2023-02-07 18:00:00,3,51.2428959616606,62.8394364606027,31.3015922948051
2,H,35,71,EE,31,2023-02-07 19:00:00,2,18.6752831550292,28.8007853202449,9.05505650152893
8,H,39,33,CS,11,2023-02-07 20:00:00,3,56.5856872434709,82.1711161471247,94.1680111328601
4,T,17,15,CS,73,2023-02-07 21:00:00,8,32.3837823148793,70.438893161799,27.9033232920742
3,G,11,79,ME,1,2023-02-07 22:00:00,2,60.5499389157952,87.7450185790022,60.3725090883892
7,G,42,31,EE,13,2023-02-07 23:00:00,4,90.5249332124918,27.9101298658206,55.3114381977536
4,G,34,51,ME,4,2023-02-08 00:00:00,2,14.3273218761793,81.1629967327606,37.4239434728498
5,F,10,76,EE,94,2023-02-08 01:00:00,5,63.2873993054796,43.3929085479738,74.7881932694672
7,F,17,95,CS,59,2023-02-08 02:00:00,2,12.8047049058594,50.3053152494018,2.74801301840666
5,F,26,18,CS,23,2023-02-08 03:00:00,9,75.9731963762563,22.666277130976,49.8567775547059
8,F,16,96,EE,40,2023-02-08 04:00:00,8,75.6828393808919,19.6186020440896,60.1415982822484
5,F,43,13,ME,73,2023-02-08 05:00:00,6,25.2690033628266,18.5336436397651,36.2716558723058
2,F,42,37,ME,42,2023-02-08 06:00:00,9,73.9140664655306,36.8328943781065,8.64878113318681
2,F,13,25,EE,74,2023-02-08 07:00:00,2,67.5733907112588,18.2216790078456,29.8357821776325
5,F,21,58,ME,83,2023-02-08 08:00:00,8,4.90207845858471,84.7706303955301,76.3971409013727
9,F,42,31,ME,56,2023-02-08 09:00:00,4,5.26115507900499,35.0420596381435,13.4466860390858
1,F,11,66,ME,67,2023-02-08 10:00:00,7,29.028397658359,13.9062105301443,15.4524389135549
4,F,25,68,CS,71,2023-02-08 11:00:00,6,89.5821867153877,81.6164758359179,20.5665256109052
2,R,49,23,EE,4,2023-02-08 12:00:00,3,39.1568433254764,89.4817378647899,52.4298292092075
8,F,22,77,CS,98,2023-02-08 13:00:00,4,62.8786521800765,76.4680614909632,17.8614191196195
9,F,45,68,EE,47,2023-02-08 14:00:00,9,10.3787948853997,22.7763531998272,5.63899194799556
6,F,39,99,EE,7,2023-02-08 15:00:00,5,4.97857777326718,96.964269049542,74.1986427285234
2,F,44,52,ME,67,2023-02-08 16:00:00,2,70.4340120143333,96.585105863457,34.0664167287839
5,F,40,20,CS,42,2023-02-08 17:00:00,3,44.8759809744294,83.6473372256082,38.3702291939178
1,S,31,31,EE,9,2023-02-08 18:00:00,1,4.27171309651401,46.6563097826341,81.311173299835
4,D,39,23,ME,18,2023-02-08 19:00:00,7,2.33754376962672,61.0905652928895,40.0934032929999
4,D,38,87,EE,53,2023-02-08 20:00:00,3,77.9544122368759,20.69772552109,52.4854371436721
2,D,38,30,CS,46,2023-02-08 21:00:00,1,66.1258358085748,34.1136743637098,56.2077362375366
8,D,47,17,CS,17,2023-02-08 22:00:00,5,10.0049309803723,10.8266171162905,16.8223070839691
2,T,24,50,ME,69,2023-02-08 23:00:00,3,74.9560335924358,78.6718946805962,74.453714217973
3,T,19,66,EE,74,2023-02-09 00:00:00,4,99.2565384797791,44.5788551329401,37.612291974816
4,G,18,38,EE,61,2023-02-09 01:00:00,5,74.5631443711552,54.403215026059,83.3671819465804
2,D,13,79,ME,28,2023-02-09 02:00:00,5,37.5281519635102,47.006568023856,0.892938295350676
1,F,31,71,EE,32,2023-02-09 03:00:00,6,61.0751376014564,48.4771658767083,0.740620074649057
7,D,40,32,EE,96,2023-02-09 04:00:00,8,91.6514472821203,45.1488520639768,87.5371265851164
7,D,10,21,CS,4,2023-02-09 05:00:00,6,68.6083488216986,13.5589083279105,10.6023587311958
9,D,37,96,ME,71,2023-02-09 06:00:00,3,65.2867842158627,33.3770319672665,27.485909274231
7,B,25,13,ME,10,2023-02-09 07:00:00,1,7.25535532941122,78.2320168818443,17.4263122779735
1,B,45,97,EE,34,2023-02-09 08:00:00,7,83.5205002731161,67.5846197824241,34.1630432966799
8,B,19,49,EE,22,2023-02-09 09:00:00,5,5.38638663815666,73.0550412833404,9.82421710926958
6,B,21,63,CS,56,2023-02-09 10:00:00,8,45.4234036734897,48.3530065292315,47.1861484417112
3,B,30,55,CS,22,2023-02-09 11:00:00,2,5.05537074402622,56.9566961966975,19.9985882041605
4,B,44,70,EE,12,2023-02-09 12:00:00,3,53.8023855111044,66.5043054223288,58.4900861108936
3,B,45,72,CS,65,2023-02-09 13:00:00,7,0.619716171923646,85.0395093060692,86.5086528002423
5,D,17,89,CS,48,2023-02-09 14:00:00,1,16.9200062333048,11.5768633572559,65.0573604446141
4,H,38,46,EE,80,2023-02-09 15:00:00,5,83.2301773895083,45.280083297083,83.3784764316562
3,H,38,16,EE,68,2023-02-09 16:00:00,3,25.3092035158587,0.908532176765409,27.2720083210868
7,H,27,15,CS,76,2023-02-09 17:00:00,4,80.8552734951186,67.1618524315386,59.7588061761239
6,H,28,81,CS,44,2023-02-09 18:00:00,3,51.5212483004792,49.1586657151292,16.1673865101429
8,H,38,34,EE,81,2023-02-09 19:00:00,8,65.6712215323654,2.89757581351721,71.2368031780163
8,H,24,5,EE,73,2023-02-09 20:00:00,2,61.347285583789,22.9236908437288,57.9992576538245
6,H,32,54,EE,10,2023-02-09 21:00:00,2,38.2924591670548,89.7444117650833,75.7342399792312
5,H,34,74,CS,5,2023-02-09 22:00:00,9,72.0324131632942,58.7969768436263,73.6000132694109
6,H,33,93,ME,57,2023-02-09 23:00:00,9,34.2975500096212,81.3032532208823,9.25742590099902
3,H,11,23,CS,29,2023-02-10 00:00:00,2,83.9212904812285,65.6933065358134,50.8846763956183
1,H,41,60,ME,35,2023-02-10 01:00:00,1,69.0877341577538,50.5908615281003,72.2118562815656
3,G,46,13,EE,86,2023-02-10 02:00:00,9,20.6609831858918,54.4531589780832,20.6370387593537
8,G,32,21,EE,82,2023-02-10 03:00:00,2,31.3294388369401,49.7331842024908,2.85507741642461
9,G,20,1,CS,63,2023-02-10 04:00:00,8,74.3503144483361,55.2028737842622,86.3223577460223
9,D,20,13,ME,37,2023-02-10 05:00:00,4,77.5982831160586,93.2570863836804,51.5680655671865
9,H,13,65,CS,53,2023-02-10 06:00:00,6,90.8525457898512,41.269804576592,10.6738734887985
6,N,10,55,EE,15,2023-02-10 07:00:00,1,3.08143047542957,94.5297649656064,7.05841853002949
7,A,26,24,EE,49,2023-02-10 08:00:00,2,69.313668789438,88.2343009646954,97.6615750452996
1,T,43,3,CS,86,2023-02-10 09:00:00,2,5.11631076273549,15.5826142025194,48.3874529910768
3,T,13,35,CS,83,2023-02-10 10:00:00,7,1.94775125027162,37.0763847170729,82.7231544807613
7,D,49,29,EE,67,2023-02-10 11:00:00,2,87.289744458379,17.3767111729176,50.0995970281823
1,T,18,27,CS,32,2023-02-10 12:00:00,4,68.7313704318366,20.2000395111227,92.5670445502347
4,T,13,78,CS,45,2023-02-10 13:00:00,9,67.3077092648784,61.7614153516722,26.3851462006304
3,D,13,35,EE,78,2023-02-10 14:00:00,5,41.4492070804334,18.0482740136929,25.4271148628555
4,F,17,92,ME,45,2023-02-10 15:00:00,3,49.5494393398728,77.9796292668661,9.64338234403002
5,F,25,91,EE,56,2023-02-10 16:00:00,4,33.253556478594,29.174942284604,92.5857506761273
3,F,22,93,CS,34,2023-02-10 17:00:00,7,16.7236253883578,45.9263893794982,97.0107159561291
2,F,19,39,ME,71,2023-02-10 18:00:00,4,54.085592988058,30.8864046863512,91.9977455048759
4,F,16,11,ME,5,2023-02-10 19:00:00,3,12.2725598405233,70.6972540109129,71.8697122012336
2,F,38,26,EE,21,2023-02-10 20:00:00,5,13.1403221290674,12.2937010750755,1.43008706536543
3,F,37,76,EE,24,2023-02-10 21:00:00,8,25.510447569552,83.3228350226672,59.6772636603401
4,F,14,32,CS,22,2023-02-10 22:00:00,7,82.9364866195783,17.1428528626568,9.12030303047965
2,F,25,34,ME,91,2023-02-10 23:00:00,4,2.78970409977566,11.0318206887586,94.9835418802401
7,F,33,39,ME,63,2023-02-11 00:00:00,7,64.7778749547068,93.128623030772,99.9953955936459
2,F,26,66,EE,88,2023-02-11 01:00:00,2,85.3517865452834,1.5256946900907,87.7346779834158
7,F,16,89,EE,62,2023-02-11 02:00:00,2,74.8778949896636,83.9015964750487,9.99044191636627
8,V,23,46,CS,76,2023-02-11 03:00:00,5,73.2391108618215,89.3950824827591,65.8829891966188
2,E,35,22,CS,64,2023-02-11 04:00:00,4,89.8156087741618,89.481488268262,97.1684161146888
7,B,19,66,CS,96,2023-02-11 05:00:00,8,11.2692524206455,57.7913477894537,21.9913306576816
5,D,12,40,EE,40,2023-02-11 06:00:00,6,71.9699442805377,51.5828547216215,18.9067660020667
8,T,11,5,EE,27,2023-02-11 07:00:00,8,52.934362483519,97.7037989858516,81.9985045436253
7,T,24,61,CS,98,2023-02-11 08:00:00,4,89.5004404556564,98.9728962761712,52.4985447173493
6,f,30,43,CS,86,2023-02-11 09:00:00,4,62.8688568658998,24.851947220381,43.5336261468631
8,r,19,74,CS,81,2023-02-11 10:00:00,2,33.6193998678087,7.15039315185139,54.902757592022
9,e,29,91,ME,33,2023-02-11 11:00:00,5,92.9655565344969,15.2370944335084,35.0402316893274
5,d,41,81,EE,75,2023-02-11 12:00:00,4,63.9068914060888,71.0911521213875,62.5989442949938
8,s,28,98,CS,9,2023-02-11 13:00:00,3,75.2921783495541,41.8281919752835,20.0669628439513
7,f,46,89,CS,14,2023-02-11 14:00:00,4,44.6900671421412,74.5614781589201,57.6424670720242
5,d,41,57,EE,29,2023-02-11 15:00:00,9,15.4856687954211,37.3989447302246,58.613814060637
